SET IDENTITY_INSERT Customer ON

INSERT INTO Customer (customerID, firstName, secondName, email, phone) VALUES (1, 'Lucy', 'Sowerby', 'lsowerby0@oracle.com', '698324614');
INSERT INTO Customer (customerID, firstName, secondName, email, phone) VALUES (2, 'Travus', 'Peniman', 'tpeniman1@guardian.co.uk', '437218718');
INSERT INTO Customer (customerID, firstName, secondName, email, phone) VALUES (3, 'Kinnie', 'Izat', 'kizat2@cargocollective.com', '448869007');
INSERT INTO Customer (customerID, firstName, secondName, email, phone) VALUES (4, 'Cris', 'Strotone', 'cstrotone3@scientificamerican.com', '511674185');
INSERT INTO Customer (customerID, firstName, secondName, email, phone) VALUES (5, 'Fenelia', 'Warlowe', 'fwarlowe4@craigslist.org', '875767245');
INSERT INTO Customer (customerID, firstName, secondName, email, phone) VALUES (6, 'Stesha', 'Harm', 'sharm5@trellian.com', '474546073');
INSERT INTO Customer (customerID, firstName, secondName, email, phone) VALUES (7, 'Waring', 'Stowell', 'wstowell6@yandex.ru', '816649781');
INSERT INTO Customer (customerID, firstName, secondName, email, phone) VALUES (8, 'Reena', 'Steet', 'rsteet7@theglobeandmail.com', '173489486');
INSERT INTO Customer (customerID, firstName, secondName, email, phone) VALUES (9, 'Bernetta', 'Hadcock', 'bhadcock8@free.fr', '979409624');
INSERT INTO Customer (customerID, firstName, secondName, email, phone)VALUES (10, 'Tillie', 'Sparshott', 'tsparshott9@g.co', '120975538');
INSERT INTO Customer (customerID, firstName, secondName, email, phone) VALUES (11, 'Emile', 'Bernetti', 'ebernettia@pcworld.com', '974403370');
INSERT INTO Customer (customerID, firstName, secondName, email, phone) VALUES (12, 'Rafferty', 'Noto', 'rnotob@diigo.com', '854789145');
INSERT INTO Customer (customerID, firstName, secondName, email, phone) VALUES (13, 'Beret', 'Danelutti', 'bdaneluttic@dion.ne.jp', '568901214');
INSERT INTO Customer (customerID, firstName, secondName, email, phone) VALUES (14, 'Nertie', 'Thridgould', 'nthridgouldd@qq.com', '756288906');
INSERT INTO Customer (customerID, firstName, secondName, email, phone) VALUES (15, 'Guinevere', 'McKernon', 'gmckernone@blogger.com', '766762001');
INSERT INTO Customer (customerID, firstName, secondName, email, phone) VALUES (16, 'Jobyna', 'Vallentin', 'jvallentinf@adobe.com', '675858311');
INSERT INTO Customer (customerID, firstName, secondName, email, phone) VALUES (17, 'Agathe', 'Dickin', 'adicking@amazon.co.jp', '863593386');
INSERT INTO Customer (customerID, firstName, secondName, email, phone) VALUES (18, 'Joana', 'Rust', 'jrusth@csmonitor.com', '227934647');
INSERT INTO Customer (customerID, firstName, secondName, email, phone) VALUES (19, 'Nerta', 'Mullenger', 'nmullengeri@4shared.com', '325737268');
INSERT INTO Customer (customerID, firstName, secondName, email, phone) VALUES (20, 'Shaun', 'Baldazzi', 'sbaldazzij@shinystat.com', '707657897');
INSERT INTO Customer (customerID, firstName, secondName, email, phone) VALUES (21, 'Camellia', 'Portam', 'cportamk@ameblo.jp', '482142619');
INSERT INTO Customer (customerID, firstName, secondName, email, phone) VALUES (22, 'Lambert', 'Lorey', 'lloreyl@army.mil', '151870479');
INSERT INTO Customer (customerID, firstName, secondName, email, phone) VALUES (23, 'Sigrid', 'Challenor', 'schallenorm@cdc.gov', '551719287');
INSERT INTO Customer (customerID, firstName, secondName, email, phone) VALUES (24, 'Alwyn', 'Cromblehome', 'acromblehomen@scientificamerican.com', '866829499');
INSERT INTO Customer (customerID, firstName, secondName, email, phone) VALUES (25, 'Dare', 'Hugett', 'dhugetto@reuters.com', '321648138');
INSERT INTO Customer (customerID, firstName, secondName, email, phone) VALUES (26, 'Shaun', 'Walkey', 'swalkeyp@cbslocal.com', '799572560');
INSERT INTO Customer (customerID, firstName, secondName, email, phone) VALUES (27, 'Blakelee', 'Watts', 'bwattsq@usgs.gov', '570909510');
INSERT INTO Customer (customerID, firstName, secondName, email, phone) VALUES (28, 'Diann', 'Maunder', 'dmaunderr@typepad.com', '192957208');
INSERT INTO Customer (customerID, firstName, secondName, email, phone) VALUES (29, 'Peria', 'Tatnell', 'ptatnells@histats.com', '518178886');
INSERT INTO Customer (customerID, firstName, secondName, email, phone) VALUES (30, 'Jayson', 'Fruchon', 'jfruchont@hatena.ne.jp', '989265614');
INSERT INTO Customer (customerID, firstName, secondName, email, phone) VALUES (31, 'Janith', 'Sawl', 'jsawlu@comcast.net', '140278872');
INSERT INTO Customer (customerID, firstName, secondName, email, phone) VALUES (32, 'Lynnea', 'Mizzen', 'lmizzenv@washington.edu', '264860386');
INSERT INTO Customer (customerID, firstName, secondName, email, phone) VALUES (33, 'Ronnie', 'Littlefield', 'rlittlefieldw@si.edu', '254801149');
INSERT INTO Customer (customerID, firstName, secondName, email, phone) VALUES (34, 'Walton', 'Kiltie', 'wkiltiex@ask.com', '993145506');
INSERT INTO Customer (customerID, firstName, secondName, email, phone) VALUES (35, 'Micheline', 'Tolossi', 'mtolossiy@salon.com', '507884961');
INSERT INTO Customer (customerID, firstName, secondName, email, phone) VALUES (36, 'Layney', 'Purslow', 'lpurslowz@hp.com', '891248624');
INSERT INTO Customer (customerID, firstName, secondName, email, phone) VALUES (37, 'Cassy', 'Dahlbom', 'cdahlbom10@wp.com', '612269396');
INSERT INTO Customer (customerID, firstName, secondName, email, phone) VALUES (38, 'Pauly', 'Gilks', 'pgilks11@bbb.org', '287357905');
INSERT INTO Customer (customerID, firstName, secondName, email, phone) VALUES (39, 'Thoma', 'Murford', 'tmurford12@fc2.com', '270454277');
INSERT INTO Customer (customerID, firstName, secondName, email, phone) VALUES (40, 'Jessie', 'Kimbrough', 'jkimbrough13@nsw.gov.au', '319969654');
INSERT INTO Customer (customerID, firstName, secondName, email, phone) VALUES (41, 'Kylie', 'Marquis', 'kmarquis14@163.com', '408191281');
INSERT INTO Customer (customerID, firstName, secondName, email, phone) VALUES (42, 'Alvy', 'Oseland', 'aoseland15@github.io', '502142668');
INSERT INTO Customer (customerID, firstName, secondName, email, phone) VALUES (43, 'Hayward', 'Berzin', 'hberzin16@paypal.com', '571484983');
INSERT INTO Customer (customerID, firstName, secondName, email, phone) VALUES (44, 'Lambert', 'Varah', 'lvarah17@wisc.edu', '593350134');
INSERT INTO Customer (customerID, firstName, secondName, email, phone) VALUES (45, 'Alvy', 'Muddiman', 'amuddiman18@deliciousdays.com', '880538017');
INSERT INTO Customer (customerID, firstName, secondName, email, phone) VALUES (46, 'Glyn', 'Gritton', 'ggritton19@google.es', '251590858');
INSERT INTO Customer (customerID, firstName, secondName, email, phone) VALUES (47, 'Maurine', 'Prando', 'mprando1a@va.gov', '660813046');
INSERT INTO Customer (customerID, firstName, secondName, email, phone) VALUES (48, 'Errol', 'Padgham', 'epadgham1b@miibeian.gov.cn', '826650781');
INSERT INTO Customer (customerID, firstName, secondName, email, phone) VALUES (49, 'Fidelia', 'Abramsky', 'fabramsky1c@europa.eu', '471400379');
INSERT INTO Customer (customerID, firstName, secondName, email, phone) VALUES (50, 'Morganica', 'Elsy', 'melsy1d@wikispaces.com', '395571839');
INSERT INTO Customer (customerID, firstName, secondName, email, phone) VALUES (51, 'Ashien', 'Cosby', 'acosby1e@imdb.com', '952772383');
INSERT INTO Customer (customerID, firstName, secondName, email, phone) VALUES (52, 'Konstance', 'Woodrooffe', 'kwoodrooffe1f@house.gov', '805346250');
INSERT INTO Customer (customerID, firstName, secondName, email, phone) VALUES (53, 'Ruthanne', 'Belderfield', 'rbelderfield1g@jalbum.net', '158336265');
INSERT INTO Customer (customerID, firstName, secondName, email, phone) VALUES (54, 'Waldo', 'Peoples', 'wpeoples1h@sbwire.com', '284699799');
INSERT INTO Customer (customerID, firstName, secondName, email, phone) VALUES (55, 'Robena', 'MacAndrew', 'rmacandrew1i@mac.com', '104113360');
INSERT INTO Customer (customerID, firstName, secondName, email, phone) VALUES (56, 'Blake', 'Bru', 'bbru1j@columbia.edu', '288476197');
INSERT INTO Customer (customerID, firstName, secondName, email, phone) VALUES (57, 'Hugibert', 'Mixter', 'hmixter1k@squidoo.com', '104635758');
INSERT INTO Customer (customerID, firstName, secondName, email, phone) VALUES (58, 'Renelle', 'Maddin', 'rmaddin1l@baidu.com', '956722758');
INSERT INTO Customer (customerID, firstName, secondName, email, phone) VALUES (59, 'Harold', 'Bebbington', 'hbebbington1m@about.me', '665951770');
INSERT INTO Customer (customerID, firstName, secondName, email, phone) VALUES (60, 'Claiborn', 'Bagster', 'cbagster1n@ask.com', '419360461');
INSERT INTO Customer (customerID, firstName, secondName, email, phone) VALUES (61, 'Ced', 'Cuddon', 'ccuddon1o@admin.ch', '484746401');
INSERT INTO Customer (customerID, firstName, secondName, email, phone) VALUES (62, 'Katlin', 'Zebedee', 'kzebedee1p@hao123.com', '259546154');
INSERT INTO Customer (customerID, firstName, secondName, email, phone) VALUES (63, 'Karlotta', 'Dawbury', 'kdawbury1q@technorati.com', '674418123');
INSERT INTO Customer (customerID, firstName, secondName, email, phone) VALUES (64, 'Mireille', 'Pickervance', 'mpickervance1r@nydailynews.com', '369880489');
INSERT INTO Customer (customerID, firstName, secondName, email, phone) VALUES (65, 'Loni', 'Whiten', 'lwhiten1s@arizona.edu', '248830732');
INSERT INTO Customer (customerID, firstName, secondName, email, phone) VALUES (66, 'Natalie', 'Suter', 'nsuter1t@ow.ly', '403898895');
INSERT INTO Customer (customerID, firstName, secondName, email, phone) VALUES (67, 'Aeriel', 'Siaskowski', 'asiaskowski1u@hhs.gov', '997504699');
INSERT INTO Customer (customerID, firstName, secondName, email, phone) VALUES (68, 'Poul', 'Davidowich', 'pdavidowich1v@about.com', '953898233');
INSERT INTO Customer (customerID, firstName, secondName, email, phone) VALUES (69, 'Justin', 'Dibley', 'jdibley1w@istockphoto.com', '417458823');
INSERT INTO Customer (customerID, firstName, secondName, email, phone) VALUES (70, 'Ninnette', 'Semmence', 'nsemmence1x@purevolume.com', '292746335');
INSERT INTO Customer (customerID, firstName, secondName, email, phone) VALUES (71, 'Carolina', 'Woloschinski', 'cwoloschinski1y@photobucket.com', '639732390');
INSERT INTO Customer (customerID, firstName, secondName, email, phone) VALUES (72, 'Zoe', 'McKnish', 'zmcknish1z@jigsy.com', '543388315');
INSERT INTO Customer (customerID, firstName, secondName, email, phone) VALUES (73, 'Davida', 'Leadbitter', 'dleadbitter20@theglobeandmail.com', '973555059');
INSERT INTO Customer (customerID, firstName, secondName, email, phone) VALUES (74, 'Ross', 'Attlee', 'rattlee21@ucla.edu', '667247044');
INSERT INTO Customer (customerID, firstName, secondName, email, phone) VALUES (75, 'Valery', 'Georghiou', 'vgeorghiou22@booking.com', '299248613');
INSERT INTO Customer (customerID, firstName, secondName, email, phone) VALUES (76, 'Esther', 'Grimley', 'egrimley23@theguardian.com', '575309847');
INSERT INTO Customer (customerID, firstName, secondName, email, phone) VALUES (77, 'Kenny', 'Denton', 'kdenton24@prlog.org', '150457607');
INSERT INTO Customer (customerID, firstName, secondName, email, phone) VALUES (78, 'Noble', 'Kyston', 'nkyston25@imgur.com', '683804608');
INSERT INTO Customer (customerID, firstName, secondName, email, phone) VALUES (79, 'Courtenay', 'Mackieson', 'cmackieson26@oakley.com', '281174173');
INSERT INTO Customer (customerID, firstName, secondName, email, phone) VALUES (80, 'Ambrosi', 'Fackney', 'afackney27@bloglines.com', '974667260');
INSERT INTO Customer (customerID, firstName, secondName, email, phone) VALUES (81, 'Evelina', 'Le Galle', 'elegalle28@ed.gov', '405110451');
INSERT INTO Customer (customerID, firstName, secondName, email, phone) VALUES (82, 'Drona', 'Swynfen', 'dswynfen29@examiner.com', '164257235');
INSERT INTO Customer (customerID, firstName, secondName, email, phone) VALUES (83, 'Mercedes', 'Stribbling', 'mstribbling2a@discovery.com', '945991020');
INSERT INTO Customer (customerID, firstName, secondName, email, phone) VALUES (84, 'Guntar', 'Doni', 'gdoni2b@nymag.com', '551768388');
INSERT INTO Customer (customerID, firstName, secondName, email, phone) VALUES (85, 'Addie', 'MacKibbon', 'amackibbon2c@cnet.com', '713357382');
INSERT INTO Customer (customerID, firstName, secondName, email, phone) VALUES (86, 'Natalee', 'Riddler', 'nriddler2d@ow.ly', '408469993');
INSERT INTO Customer (customerID, firstName, secondName, email, phone) VALUES (87, 'Betti', 'Sacco', 'bsacco2e@jiathis.com', '325981366');
INSERT INTO Customer (customerID, firstName, secondName, email, phone) VALUES (88, 'Roxy', 'Bordiss', 'rbordiss2f@angelfire.com', '664122706');
INSERT INTO Customer (customerID, firstName, secondName, email, phone) VALUES (89, 'Marilee', 'Smalls', 'msmalls2g@gov.uk', '684707633');
INSERT INTO Customer (customerID, firstName, secondName, email, phone) VALUES (90, 'Gil', 'Foskew', 'gfoskew2h@dell.com', '452814749');
INSERT INTO Customer (customerID, firstName, secondName, email, phone) VALUES (91, 'Engelbert', 'Gather', 'egather2i@reference.com', '819947442');
INSERT INTO Customer (customerID, firstName, secondName, email, phone) VALUES (92, 'Matthiew', 'Tuther', 'mtuther2j@buzzfeed.com', '812515958');
INSERT INTO Customer (customerID, firstName, secondName, email, phone) VALUES (93, 'Jermaine', 'Bettaney', 'jbettaney2k@free.fr', '497562829');
INSERT INTO Customer (customerID, firstName, secondName, email, phone) VALUES (94, 'Timmie', 'Ollivierre', 'tollivierre2l@statcounter.com', '507299776');
INSERT INTO Customer (customerID, firstName, secondName, email, phone) VALUES (95, 'Petey', 'Karus', 'pkarus2m@themeforest.net', '217584679');
INSERT INTO Customer (customerID, firstName, secondName, email, phone) VALUES (96, 'Cecilio', 'Raff', 'craff2n@dropbox.com', '388570884');
INSERT INTO Customer (customerID, firstName, secondName, email, phone) VALUES (97, 'Ashla', 'Thrussell', 'athrussell2o@pbs.org', '883340216');
INSERT INTO Customer (customerID, firstName, secondName, email, phone) VALUES (98, 'Marcia', 'Goligly', 'mgoligly2p@mapy.cz', '168704012');
INSERT INTO Customer (customerID, firstName, secondName, email, phone) VALUES (99, 'Judie', 'Brookz', 'jbrookz2q@utexas.edu', '598336821');
INSERT INTO Customer (customerID, firstName, secondName, email, phone) VALUES (100, 'Letisha', 'Hasnney', 'lhasnney2r@usda.gov', '999364904');
INSERT INTO Customer (customerID, firstName, secondName, email, phone) VALUES (101, 'Rosamond', 'Stoyell', 'rstoyell2s@edublogs.org', '965672257');
INSERT INTO Customer (customerID, firstName, secondName, email, phone) VALUES (102, 'Bartlet', 'Paunton', 'bpaunton2t@hexun.com', '642985296');
INSERT INTO Customer (customerID, firstName, secondName, email, phone) VALUES (103, 'Emmott', 'Bockin', 'ebockin2u@usa.gov', '262307532');
INSERT INTO Customer (customerID, firstName, secondName, email, phone) VALUES (104, 'Amaleta', 'O''Meara', 'aomeara2v@ibm.com', '546846880');
INSERT INTO Customer (customerID, firstName, secondName, email, phone) VALUES (105, 'Ki', 'Beston', 'kbeston2w@spiegel.de', '217348773');
INSERT INTO Customer (customerID, firstName, secondName, email, phone) VALUES (106, 'Athene', 'Mooreed', 'amooreed2x@dailymail.co.uk', '129974066');
INSERT INTO Customer (customerID, firstName, secondName, email, phone) VALUES (107, 'Raymond', 'Attarge', 'rattarge2y@livejournal.com', '131681465');
INSERT INTO Customer (customerID, firstName, secondName, email, phone) VALUES (108, 'Mira', 'Trays', 'mtrays2z@hp.com', '101546139');
INSERT INTO Customer (customerID, firstName, secondName, email, phone) VALUES (109, 'Deck', 'Bovey', 'dbovey30@wp.com', '470772728');
INSERT INTO Customer (customerID, firstName, secondName, email, phone) VALUES (110, 'Tonie', 'Lillo', 'tlillo31@tinypic.com', '403270398');
INSERT INTO Customer (customerID, firstName, secondName, email, phone) VALUES (111, 'Konrad', 'Alleyne', 'kalleyne32@surveymonkey.com', '163696493');
INSERT INTO Customer (customerID, firstName, secondName, email, phone) VALUES (112, 'Starr', 'Pittwood', 'spittwood33@soundcloud.com', '151384948');
INSERT INTO Customer (customerID, firstName, secondName, email, phone) VALUES (113, 'Jack', 'Renon', 'jrenon34@cnet.com', '395391455');
INSERT INTO Customer (customerID, firstName, secondName, email, phone) VALUES (114, 'Brandon', 'Sunock', 'bsunock35@webs.com', '294314224');
INSERT INTO Customer (customerID, firstName, secondName, email, phone) VALUES (115, 'Linn', 'Isakovic', 'lisakovic36@webnode.com', '662670135');
INSERT INTO Customer (customerID, firstName, secondName, email, phone) VALUES (116, 'Adah', 'Weyman', 'aweyman37@bizjournals.com', '764335120');
INSERT INTO Customer (customerID, firstName, secondName, email, phone) VALUES (117, 'Harrison', 'Doleman', 'hdoleman38@flavors.me', '782520181');
INSERT INTO Customer (customerID, firstName, secondName, email, phone) VALUES (118, 'Lev', 'Terry', 'lterry39@youku.com', '526420586');
INSERT INTO Customer (customerID, firstName, secondName, email, phone) VALUES (119, 'Melesa', 'Kenen', 'mkenen3a@prnewswire.com', '178500149');
INSERT INTO Customer (customerID, firstName, secondName, email, phone) VALUES (120, 'Cob', 'McOwan', 'cmcowan3b@columbia.edu', '894514960');
INSERT INTO Customer (customerID, firstName, secondName, email, phone) VALUES (121, 'Shaine', 'Boughtwood', 'sboughtwood3c@ocn.ne.jp', '262965687');
INSERT INTO Customer (customerID, firstName, secondName, email, phone) VALUES (122, 'Dulcie', 'Darter', 'ddarter3d@phoca.cz', '614515062');
INSERT INTO Customer (customerID, firstName, secondName, email, phone) VALUES (123, 'Madelena', 'Audry', 'maudry3e@rediff.com', '809187684');
INSERT INTO Customer (customerID, firstName, secondName, email, phone) VALUES (124, 'Adda', 'Titchard', 'atitchard3f@amazon.com', '787882837');
INSERT INTO Customer (customerID, firstName, secondName, email, phone) VALUES (125, 'Con', 'Lazer', 'clazer3g@blog.com', '539742302');
INSERT INTO Customer (customerID, firstName, secondName, email, phone) VALUES (126, 'Thaddus', 'Silbersak', 'tsilbersak3h@washington.edu', '450520213');
INSERT INTO Customer (customerID, firstName, secondName, email, phone) VALUES (127, 'Britta', 'Philbrick', 'bphilbrick3i@abc.net.au', '157764096');
INSERT INTO Customer (customerID, firstName, secondName, email, phone) VALUES (128, 'Titus', 'Phillippo', 'tphillippo3j@t.co', '842638773');
INSERT INTO Customer (customerID, firstName, secondName, email, phone) VALUES (129, 'Kit', 'Joselevitch', 'kjoselevitch3k@aol.com', '566408007');
INSERT INTO Customer (customerID, firstName, secondName, email, phone) VALUES (130, 'Norene', 'Beardsdale', 'nbeardsdale3l@howstuffworks.com', '655824728');
INSERT INTO Customer (customerID, firstName, secondName, email, phone) VALUES (131, 'Lionel', 'Ovize', 'lovize3m@microsoft.com', '879752763');
INSERT INTO Customer (customerID, firstName, secondName, email, phone) VALUES (132, 'Harvey', 'Gerrels', 'hgerrels3n@nhs.uk', '327283107');
INSERT INTO Customer (customerID, firstName, secondName, email, phone) VALUES (133, 'Johnathan', 'Ballantyne', 'jballantyne3o@vkontakte.ru', '592244198');
INSERT INTO Customer (customerID, firstName, secondName, email, phone) VALUES (134, 'Ezmeralda', 'De Michele', 'edemichele3p@telegraph.co.uk', '378313074');
INSERT INTO Customer (customerID, firstName, secondName, email, phone) VALUES (135, 'Carlin', 'Rackley', 'crackley3q@disqus.com', '960649032');
INSERT INTO Customer (customerID, firstName, secondName, email, phone) VALUES (136, 'Edouard', 'Cornelius', 'ecornelius3r@twitter.com', '320762070');
INSERT INTO Customer (customerID, firstName, secondName, email, phone) VALUES (137, 'Frannie', 'Poynton', 'fpoynton3s@bandcamp.com', '351113424');
INSERT INTO Customer (customerID, firstName, secondName, email, phone) VALUES (138, 'Maddie', 'Di Matteo', 'mdimatteo3t@senate.gov', '975201501');
INSERT INTO Customer (customerID, firstName, secondName, email, phone) VALUES (139, 'Sheela', 'Aloshikin', 'saloshikin3u@ehow.com', '813522355');
INSERT INTO Customer (customerID, firstName, secondName, email, phone) VALUES (140, 'Daisi', 'Muncer', 'dmuncer3v@home.pl', '835120219');
INSERT INTO Customer (customerID, firstName, secondName, email, phone) VALUES (141, 'Padget', 'Cassels', 'pcassels3w@statcounter.com', '500748029');
INSERT INTO Customer (customerID, firstName, secondName, email, phone) VALUES (142, 'Asa', 'Kringe', 'akringe3x@bbb.org', '686382912');
INSERT INTO Customer (customerID, firstName, secondName, email, phone) VALUES (143, 'Cooper', 'MacGray', 'cmacgray3y@123-reg.co.uk', '720313127');
INSERT INTO Customer (customerID, firstName, secondName, email, phone) VALUES (144, 'Desiree', 'Aitkin', 'daitkin3z@usda.gov', '169740718');
INSERT INTO Customer (customerID, firstName, secondName, email, phone) VALUES (145, 'Fran', 'Descroix', 'fdescroix40@xrea.com', '391772154');
INSERT INTO Customer (customerID, firstName, secondName, email, phone) VALUES (146, 'Alyssa', 'Volks', 'avolks41@ucoz.ru', '126991059');
INSERT INTO Customer (customerID, firstName, secondName, email, phone) VALUES (147, 'Marita', 'Menendez', 'mmenendez42@deviantart.com', '520492550');
INSERT INTO Customer (customerID, firstName, secondName, email, phone) VALUES (148, 'Gennifer', 'Shanks', 'gshanks43@ask.com', '896220234');
INSERT INTO Customer (customerID, firstName, secondName, email, phone) VALUES (149, 'Sherline', 'Christmas', 'schristmas44@jigsy.com', '767920450');
INSERT INTO Customer (customerID, firstName, secondName, email, phone) VALUES (150, 'Helli', 'Reucastle', 'hreucastle45@howstuffworks.com', '352213030');
INSERT INTO Customer (customerID, firstName, secondName, email, phone) VALUES (151, 'Claribel', 'Norwell', 'cnorwell46@ox.ac.uk', '484490759');
INSERT INTO Customer (customerID, firstName, secondName, email, phone) VALUES (152, 'Aryn', 'Bradneck', 'abradneck47@hud.gov', '861500835');
INSERT INTO Customer (customerID, firstName, secondName, email, phone) VALUES (153, 'Archy', 'Powlesland', 'apowlesland48@zimbio.com', '532561867');
INSERT INTO Customer (customerID, firstName, secondName, email, phone) VALUES (154, 'Donnajean', 'Corona', 'dcorona49@unicef.org', '914625509');
INSERT INTO Customer (customerID, firstName, secondName, email, phone) VALUES (155, 'Emmett', 'Yoodall', 'eyoodall4a@is.gd', '824870079');
INSERT INTO Customer (customerID, firstName, secondName, email, phone) VALUES (156, 'Miguelita', 'Berthouloume', 'mberthouloume4b@blogger.com', '191506782');
INSERT INTO Customer (customerID, firstName, secondName, email, phone) VALUES (157, 'Shaylah', 'Janik', 'sjanik4c@goodreads.com', '899877893');
INSERT INTO Customer (customerID, firstName, secondName, email, phone) VALUES (158, 'Callean', 'Steade', 'csteade4d@marketwatch.com', '327373243');
INSERT INTO Customer (customerID, firstName, secondName, email, phone) VALUES (159, 'Garrek', 'Caville', 'gcaville4e@house.gov', '195637023');
INSERT INTO Customer (customerID, firstName, secondName, email, phone) VALUES (160, 'Celie', 'Gritsaev', 'cgritsaev4f@sitemeter.com', '667763617');
INSERT INTO Customer (customerID, firstName, secondName, email, phone) VALUES (161, 'Jaymee', 'de Merida', 'jdemerida4g@google.ca', '898814750');
INSERT INTO Customer (customerID, firstName, secondName, email, phone) VALUES (162, 'Kellby', 'Maddison', 'kmaddison4h@miibeian.gov.cn', '318474799');
INSERT INTO Customer (customerID, firstName, secondName, email, phone) VALUES (163, 'Pennie', 'Degoy', 'pdegoy4i@nyu.edu', '568820735');
INSERT INTO Customer (customerID, firstName, secondName, email, phone) VALUES (164, 'Carree', 'Skitterel', 'cskitterel4j@rakuten.co.jp', '947547638');
INSERT INTO Customer (customerID, firstName, secondName, email, phone) VALUES (165, 'Ora', 'Taphouse', 'otaphouse4k@a8.net', '521100274');
INSERT INTO Customer (customerID, firstName, secondName, email, phone) VALUES (166, 'Sacha', 'de Grey', 'sdegrey4l@arstechnica.com', '977845898');
INSERT INTO Customer (customerID, firstName, secondName, email, phone) VALUES (167, 'Chandler', 'Mackney', 'cmackney4m@berkeley.edu', '418871583');
INSERT INTO Customer (customerID, firstName, secondName, email, phone) VALUES (168, 'Sadie', 'Nutbrown', 'snutbrown4n@vkontakte.ru', '101678904');
INSERT INTO Customer (customerID, firstName, secondName, email, phone) VALUES (169, 'Robin', 'Rubinshtein', 'rrubinshtein4o@msn.com', '324449280');
INSERT INTO Customer (customerID, firstName, secondName, email, phone) VALUES (170, 'Allis', 'Sertin', 'asertin4p@linkedin.com', '349661542');
INSERT INTO Customer (customerID, firstName, secondName, email, phone) VALUES (171, 'Kevon', 'Kissell', 'kkissell4q@wp.com', '134700804');
INSERT INTO Customer (customerID, firstName, secondName, email, phone) VALUES (172, 'Halli', 'Burchill', 'hburchill4r@unicef.org', '862326528');
INSERT INTO Customer (customerID, firstName, secondName, email, phone) VALUES (173, 'Pammy', 'Edgin', 'pedgin4s@wix.com', '161833551');
INSERT INTO Customer (customerID, firstName, secondName, email, phone) VALUES (174, 'Marcellina', 'Hardin', 'mhardin4t@woothemes.com', '795233038');
INSERT INTO Customer (customerID, firstName, secondName, email, phone) VALUES (175, 'Daloris', 'Peidro', 'dpeidro4u@state.tx.us', '120818030');
INSERT INTO Customer (customerID, firstName, secondName, email, phone) VALUES (176, 'Bernie', 'Terrelly', 'bterrelly4v@smugmug.com', '526728702');
INSERT INTO Customer (customerID, firstName, secondName, email, phone) VALUES (177, 'Gwen', 'Reeders', 'greeders4w@state.tx.us', '917641343');
INSERT INTO Customer (customerID, firstName, secondName, email, phone) VALUES (178, 'Iggie', 'Renals', 'irenals4x@sina.com.cn', '307591559');
INSERT INTO Customer (customerID, firstName, secondName, email, phone) VALUES (179, 'Henka', 'Locksley', 'hlocksley4y@goo.gl', '364861571');
INSERT INTO Customer (customerID, firstName, secondName, email, phone) VALUES (180, 'Rosina', 'McDell', 'rmcdell4z@accuweather.com', '925542036');
INSERT INTO Customer (customerID, firstName, secondName, email, phone) VALUES (181, 'Cesare', 'Bewshea', 'cbewshea50@squidoo.com', '473113719');
INSERT INTO Customer (customerID, firstName, secondName, email, phone) VALUES (182, 'Brady', 'Warman', 'bwarman51@mapy.cz', '244560731');
INSERT INTO Customer (customerID, firstName, secondName, email, phone) VALUES (183, 'Bobbette', 'Cosstick', 'bcosstick52@boston.com', '974107857');
INSERT INTO Customer (customerID, firstName, secondName, email, phone) VALUES (184, 'Willis', 'Hefferan', 'whefferan53@webs.com', '882906160');
INSERT INTO Customer (customerID, firstName, secondName, email, phone) VALUES (185, 'Maurice', 'Hansley', 'mhansley54@ihg.com', '798816807');
INSERT INTO Customer (customerID, firstName, secondName, email, phone) VALUES (186, 'Willa', 'Bronot', 'wbronot55@walmart.com', '298422388');
INSERT INTO Customer (customerID, firstName, secondName, email, phone) VALUES (187, 'Roddy', 'Males', 'rmales56@friendfeed.com', '590435485');
INSERT INTO Customer (customerID, firstName, secondName, email, phone) VALUES (188, 'Zeb', 'Wyldbore', 'zwyldbore57@accuweather.com', '411167559');
INSERT INTO Customer (customerID, firstName, secondName, email, phone) VALUES (189, 'Beatrice', 'Gauler', 'bgauler58@facebook.com', '566774917');
INSERT INTO Customer (customerID, firstName, secondName, email, phone) VALUES (190, 'Etan', 'Leon', 'eleon59@paypal.com', '976395199');
INSERT INTO Customer (customerID, firstName, secondName, email, phone) VALUES (191, 'Edwina', 'Ivanchin', 'eivanchin5a@cam.ac.uk', '630726393');
INSERT INTO Customer (customerID, firstName, secondName, email, phone) VALUES (192, 'Buffy', 'MacLaughlin', 'bmaclaughlin5b@newyorker.com', '558762367');
INSERT INTO Customer (customerID, firstName, secondName, email, phone) VALUES (193, 'Chickie', 'Bibb', 'cbibb5c@tripadvisor.com', '402984714');
INSERT INTO Customer (customerID, firstName, secondName, email, phone) VALUES (194, 'Reggie', 'Lagden', 'rlagden5d@mail.ru', '756579934');
INSERT INTO Customer (customerID, firstName, secondName, email, phone) VALUES (195, 'Trent', 'Haxley', 'thaxley5e@cbsnews.com', '207577515');
INSERT INTO Customer (customerID, firstName, secondName, email, phone) VALUES (196, 'Lind', 'Gothup', 'lgothup5f@ucsd.edu', '149159613');
INSERT INTO Customer (customerID, firstName, secondName, email, phone) VALUES (197, 'Sampson', 'Stormonth', 'sstormonth5g@slideshare.net', '592969405');
INSERT INTO Customer (customerID, firstName, secondName, email, phone) VALUES (198, 'Mitch', 'Van Baaren', 'mvanbaaren5h@businessinsider.com', '531293505');
INSERT INTO Customer (customerID, firstName, secondName, email, phone) VALUES (199, 'Shantee', 'Iacovucci', 'siacovucci5i@naver.com', '313365949');
INSERT INTO Customer (customerID, firstName, secondName, email, phone) VALUES (200, 'Roze', 'Castleman', 'rcastleman5j@zdnet.com', '330855711');
SET IDENTITY_INSERT Customer OFF;

SET IDENTITY_INSERT Employee ON;
INSERT INTO Employee (employeeID, firstName, lastName, address, phone, birthDate, start, [end], position, password) VALUES (1, 'Lezlie', 'Sharvell', '59 Dayton Way', '7053924019', '2010-11-17 18:16:19', '2015-01-06 11:48:05', '2015-06-15 19:38:56', 'Zamestnanec', 'M3dycmIxVVds');
INSERT INTO Employee (employeeID, firstName, lastName, address, phone, birthDate, start, [end], position, password) VALUES (2, 'Sydney', 'Georgius', '81780 Arapahoe Avenue', '9384594031', '2002-06-07 02:17:18', '2013-11-13 12:53:44', null, 'Zamestnanec', 'cWdWTUM0');
INSERT INTO Employee (employeeID, firstName, lastName, address, phone, birthDate, start, [end], position, password) VALUES (3, 'Chevy', 'Martellini', '9816 Mandrake Drive', '8508581945', '2002-11-05 22:35:23', '2016-07-19 16:53:44', null, 'Manazer', 'Rjg0RFNKd3lrQnc=');
INSERT INTO Employee (employeeID, firstName, lastName, address, phone, birthDate, start, [end], position, password) VALUES (4, 'Leonora', 'Robertelli', '5 Gale Circle', '4452013852', '2004-08-07 15:05:13', '2013-04-24 19:25:22', null, 'Zamestnanec', 'WFdteXpoMEFna1I=');
INSERT INTO Employee (employeeID, firstName, lastName, address, phone, birthDate, start, [end], position, password) VALUES (5, 'Gearard', 'O''Crevan', '006 Sutteridge Lane', '2075167342', '2009-02-01 06:19:00', '2013-02-16 10:29:53', null, 'Zamestnanec', 'dE56bjBRSEc1Nw==');
INSERT INTO Employee (employeeID, firstName, lastName, address, phone, birthDate, start, [end], position, password) VALUES (6, 'Marven', 'Petigrew', '1 Sheridan Point', '8183789859', '2009-12-04 20:49:14', '2015-04-14 07:58:49', '2014-01-01 12:06:16', 'Zamestnanec', 'WWhtdmVKUFlVZXg=');
INSERT INTO Employee (employeeID, firstName, lastName, address, phone, birthDate, start, [end], position, password) VALUES (7, 'Kore', 'Ayerst', '57591 Randy Junction', '7179224679', '2005-03-01 18:24:24', '2016-03-29 03:38:30', null, 'Zamestnanec', 'ejlKYVB3eHY1WDk=');
INSERT INTO Employee (employeeID, firstName, lastName, address, phone, birthDate, start, [end], position, password) VALUES (8, 'Bessy', 'Seale', '2189 Coleman Trail', '6378954663', '2009-10-14 10:41:23', '2015-05-26 21:07:46', null, 'Zamestnanec', 'V25yQmxyRGVDZEdy');
INSERT INTO Employee (employeeID, firstName, lastName, address, phone, birthDate, start, [end], position, password) VALUES (9, 'Syman', 'Driver', '64 Park Meadow Crossing', '7461923748', '2003-09-20 02:21:03', '2013-05-17 17:09:43', null, 'Zamestnanec', 'aDA4UXh5emJ6');
INSERT INTO Employee (employeeID, firstName, lastName, address, phone, birthDate, start, [end], position, password) VALUES (10, 'Renato', 'Buffery', '3 Marcy Terrace', '6319793332', '2004-09-04 09:46:16', '2013-11-08 05:29:37', null, 'Zamestnanec', 'TEpOdTF5VUpW');
INSERT INTO Employee (employeeID, firstName, lastName, address, phone, birthDate, start, [end], position, password) VALUES (11, 'Gael', 'Wace', '1 Cherokee Point', '7012677000', '2005-07-28 19:31:11', '2014-09-22 22:33:38', '2016-09-03 04:52:56', 'Zamestnanec', 'NzlRNWdPUA==');
INSERT INTO Employee (employeeID, firstName, lastName, address, phone, birthDate, start, [end], position, password) VALUES (12, 'Mira', 'Hutten', '944 Elka Parkway', '3679011345', '2009-10-28 08:39:31', '2013-06-14 04:52:10', null, 'Zamestnanec', 'RWtrYk5iZw==');
INSERT INTO Employee (employeeID, firstName, lastName, address, phone, birthDate, start, [end], position, password) VALUES (13, 'Aloysia', 'Toffel', '9781 Talisman Alley', '9015731525', '2007-08-21 07:29:12', '2013-07-05 12:17:58', '2016-04-25 08:59:16', 'Zamestnanec', 'RUNET1N4MEU=');
INSERT INTO Employee (employeeID, firstName, lastName, address, phone, birthDate, start, [end], position, password) VALUES (14, 'Noellyn', 'Tirkin', '53 Springview Plaza', '1314422808', '2003-02-20 09:59:18', '2013-10-11 21:51:32', '2014-12-05 07:11:33', 'Manazer', 'eXhKcVJVMWQ=');
INSERT INTO Employee (employeeID, firstName, lastName, address, phone, birthDate, start, [end], position, password) VALUES (15, 'Lorens', 'Shufflebotham', '0632 Old Shore Avenue', '9363449493', '2006-05-21 06:44:56', '2015-04-28 08:45:13', null, 'Zamestnanec', 'QWNwOHdlYw==');
INSERT INTO Employee (employeeID, firstName, lastName, address, phone, birthDate, start, [end], position, password) VALUES (16, 'Fredric', 'Landeg', '25 Walton Park', '6153388570', '2007-10-22 07:12:13', '2015-04-08 20:03:32', '2016-10-30 17:11:34', 'Zamestnanec', 'RDN5UUI3ZnBH');
INSERT INTO Employee (employeeID, firstName, lastName, address, phone, birthDate, start, [end], position, password) VALUES (17, 'Akim', 'Northing', '078 Forest Trail', '6567324521', '2009-08-04 07:19:28', '2015-12-24 18:06:47', null, 'Zamestnanec', 'a25oNDhTNG5Pdg==');
INSERT INTO Employee (employeeID, firstName, lastName, address, phone, birthDate, start, [end], position, password) VALUES (18, 'Germayne', 'Ansell', '11396 Red Cloud Road', '3396871225', '2007-09-26 01:06:49', '2013-08-09 09:43:23', null, 'Zamestnanec', 'ajYybGdHa2tK');
INSERT INTO Employee (employeeID, firstName, lastName, address, phone, birthDate, start, [end], position, password) VALUES (19, 'Annaliese', 'Paolacci', '69 Carioca Street', '7037462937', '2001-10-21 10:19:35', '2015-10-03 12:08:55', '2012-12-14 20:18:42', 'Zamestnanec', 'S3hGRGVBSmdQRA==');
INSERT INTO Employee (employeeID, firstName, lastName, address, phone, birthDate, start, [end], position, password) VALUES (20, 'Jillene', 'Paszak', '8579 Oxford Center', '2095411839', '2001-06-18 09:56:05', '2015-09-27 19:16:09', null, 'Zamestnanec', 'N21NMGxIU3hCamZq');
INSERT INTO Employee (employeeID, firstName, lastName, address, phone, birthDate, start, [end], position, password) VALUES (21, 'Tami', 'Zaczek', '7588 Sutherland Lane', '2139269169', '2005-10-12 21:30:40', '2014-09-13 20:51:21', '2013-08-12 15:47:08', 'Zamestnanec', 'NHFpZmZ0');
INSERT INTO Employee (employeeID, firstName, lastName, address, phone, birthDate, start, [end], position, password) VALUES (22, 'Latia', 'Rennie', '5065 Roxbury Park', '1818940254', '2009-06-02 17:05:03', '2012-12-11 19:40:38', '2015-04-10 15:06:18', 'Zamestnanec', 'MUJ3c0dK');
INSERT INTO Employee (employeeID, firstName, lastName, address, phone, birthDate, start, [end], position, password) VALUES (23, 'Theodor', 'Buckberry', '7599 Dryden Plaza', '7154646220', '2001-03-19 14:44:41', '2013-09-05 14:54:25', '2015-02-28 08:57:17', 'Zamestnanec', 'VlVLVHgyeFdBSA==');
INSERT INTO Employee (employeeID, firstName, lastName, address, phone, birthDate, start, [end], position, password) VALUES (24, 'Tobin', 'Chumley', '49536 Namekagon Point', '6446756069', '2006-08-12 11:55:15', '2013-03-17 23:27:35', '2013-09-14 14:52:16', 'Majitel', 'OEdYV3dxS3hyODk=');
INSERT INTO Employee (employeeID, firstName, lastName, address, phone, birthDate, start, [end], position, password) VALUES (25, 'Lacy', 'Cow', '05699 Fordem Point', '3315972323', '2002-04-18 17:11:08', '2015-11-01 02:44:11', null, 'Zamestnanec', 'M2ZXSUJ2dg==');
INSERT INTO Employee (employeeID, firstName, lastName, address, phone, birthDate, start, [end], position, password) VALUES (26, 'Gwenneth', 'Redmell', '4 Luster Alley', '8857432975', '2010-06-11 19:26:32', '2013-09-09 14:25:48', '2014-12-26 02:36:21', 'Zamestnanec', 'aHhXTDBaaXc=');
INSERT INTO Employee (employeeID, firstName, lastName, address, phone, birthDate, start, [end], position, password) VALUES (27, 'Garrard', 'Tindall', '96 Maryland Point', '5673689868', '2002-09-24 13:27:30', '2013-10-13 12:10:36', null, 'Zamestnanec', 'azd2WTlMZVlacGc=');
INSERT INTO Employee (employeeID, firstName, lastName, address, phone, birthDate, start, [end], position, password) VALUES (28, 'Claudelle', 'Colomb', '8 Arizona Pass', '3754463150', '2000-12-22 18:43:09', '2014-03-16 06:14:24', null, 'Zamestnanec', 'b0ZvRlhzYm0zTmY=');
INSERT INTO Employee (employeeID, firstName, lastName, address, phone, birthDate, start, [end], position, password) VALUES (29, 'Eolande', 'Creasey', '65 Bunker Hill Alley', '8467819794', '2010-01-27 15:48:25', '2014-06-07 21:14:58', null, 'Manazer', 'VkZIaWlqOHBOWjlR');
INSERT INTO Employee (employeeID, firstName, lastName, address, phone, birthDate, start, [end], position, password) VALUES (30, 'Florenza', 'Willimott', '9037 Reindahl Avenue', '4792214519', '2006-12-21 09:55:15', '2015-04-29 06:18:29', null, 'Zamestnanec', 'cUJ5V3pYamhhaUxX');
INSERT INTO Employee (employeeID, firstName, lastName, address, phone, birthDate, start, [end], position, password) VALUES (31, 'Cosmo', 'Kidman', '542 Milwaukee Point', '1869630033', '2005-06-02 08:03:20', '2015-11-08 14:48:28', null, 'Zamestnanec', 'NkdOb2pVSERYMQ==');
INSERT INTO Employee (employeeID, firstName, lastName, address, phone, birthDate, start, [end], position, password) VALUES (32, 'Cassondra', 'Espie', '2087 Grasskamp Pass', '5633450778', '2005-09-05 07:47:50', '2013-02-19 16:49:53', '2013-07-13 00:55:20', 'Zamestnanec', 'SjNEUE5sc1hYdg==');
INSERT INTO Employee (employeeID, firstName, lastName, address, phone, birthDate, start, [end], position, password) VALUES (33, 'Pietra', 'Lake', '4528 Morningstar Circle', '7758536130', '2010-11-19 08:11:29', '2014-12-23 18:56:28', null, 'Zamestnanec', 'bnRhUGRuWTB6');
INSERT INTO Employee (employeeID, firstName, lastName, address, phone, birthDate, start, [end], position, password) VALUES (34, 'Redd', 'Magnay', '27134 Leroy Center', '4879543541', '2007-04-20 00:54:10', '2014-06-26 02:21:23', null, 'Zamestnanec', 'UUgwUkZMd3lBcw==');
INSERT INTO Employee (employeeID, firstName, lastName, address, phone, birthDate, start, [end], position, password) VALUES (35, 'Zachery', 'Pummell', '49 Victoria Court', '5323967503', '2003-08-10 08:22:37', '2015-06-18 05:01:30', null, 'Zamestnanec', 'aUVnSFhu');
INSERT INTO Employee (employeeID, firstName, lastName, address, phone, birthDate, start, [end], position, password) VALUES (36, 'Lonnie', 'Hesbrook', '8 Pepper Wood Point', '4933853595', '2001-11-24 08:10:06', '2015-06-26 09:46:06', null, 'Manazer', 'aHk4amFFeUhwQ0Q=');
INSERT INTO Employee (employeeID, firstName, lastName, address, phone, birthDate, start, [end], position, password) VALUES (37, 'Valle', 'Marusyak', '26 Luster Avenue', '9658646568', '2003-01-14 09:05:01', '2014-01-24 21:41:50', null, 'Zamestnanec', 'WExXZ2Nx');
INSERT INTO Employee (employeeID, firstName, lastName, address, phone, birthDate, start, [end], position, password) VALUES (38, 'Aggi', 'Pedrozzi', '2 Anniversary Parkway', '6662955234', '2005-01-12 03:57:54', '2016-08-25 07:33:18', '2014-01-10 02:52:07', 'Zamestnanec', 'QmRJSGh4b1VrSmlN');
INSERT INTO Employee (employeeID, firstName, lastName, address, phone, birthDate, start, [end], position, password) VALUES (39, 'Lou', 'Blakden', '71 Sullivan Place', '5931554833', '2010-06-13 06:41:03', '2014-04-18 04:16:46', null, 'Zamestnanec', 'b2tSOHA3NDdnaXQ=');
INSERT INTO Employee (employeeID, firstName, lastName, address, phone, birthDate, start, [end], position, password) VALUES (40, 'Margette', 'Caulkett', '510 Dahle Way', '5961371431', '2004-02-25 00:50:25', '2015-10-05 00:08:17', '2015-09-11 21:50:39', 'Zamestnanec', 'MzlQR0ZLSw==');
INSERT INTO Employee (employeeID, firstName, lastName, address, phone, birthDate, start, [end], position, password) VALUES (41, 'Gaspard', 'Gendricke', '62 Dapin Park', '3085987264', '2001-09-07 02:18:00', '2015-05-02 01:02:36', '2014-02-18 02:11:19', 'Zamestnanec', 'YlEza0lncGdvTHND');
INSERT INTO Employee (employeeID, firstName, lastName, address, phone, birthDate, start, [end], position, password) VALUES (42, 'Charisse', 'Deas', '94958 Mallory Court', '3845114449', '2006-06-15 10:56:11', '2014-11-04 21:52:29', null, 'Zamestnanec', 'RnFRSTJsbw==');
INSERT INTO Employee (employeeID, firstName, lastName, address, phone, birthDate, start, [end], position, password) VALUES (43, 'Koral', 'Cockley', '7239 Sunfield Avenue', '1324016102', '2010-03-19 16:27:23', '2014-06-02 04:59:20', '2013-12-11 01:56:14', 'Zamestnanec', 'WFNBUXl1');
INSERT INTO Employee (employeeID, firstName, lastName, address, phone, birthDate, start, [end], position, password) VALUES (44, 'Jerry', 'Ladloe', '5 Saint Paul Alley', '2817244001', '2008-01-25 23:43:24', '2013-05-16 03:38:05', '2015-01-02 02:20:59', 'Zamestnanec', 'ajhrblF2cQ==');
INSERT INTO Employee (employeeID, firstName, lastName, address, phone, birthDate, start, [end], position, password) VALUES (45, 'Hana', 'Ramsdell', '27844 Paget Place', '6202275279', '2002-06-23 07:53:39', '2016-05-17 06:20:18', null, 'Zamestnanec', 'Z1ZUckdRcVBwWg==');
INSERT INTO Employee (employeeID, firstName, lastName, address, phone, birthDate, start, [end], position, password) VALUES (46, 'Tiebold', 'Weth', '5428 Roxbury Hill', '4637620957', '2008-01-08 05:58:15', '2014-04-17 07:40:33', '2016-11-19 01:00:29', 'Zamestnanec', 'THgxWTM5cA==');
INSERT INTO Employee (employeeID, firstName, lastName, address, phone, birthDate, start, [end], position, password) VALUES (47, 'Arleta', 'Jansie', '471 Autumn Leaf Parkway', '2258303557', '2007-12-09 10:15:00', '2013-06-16 05:59:11', null, 'Zamestnanec', 'YkZoQVdwbU8=');
INSERT INTO Employee (employeeID, firstName, lastName, address, phone, birthDate, start, [end], position, password) VALUES (48, 'Myrtie', 'Pahlsson', '5 Hoepker Plaza', '6166607774', '2005-04-15 06:37:09', '2015-10-19 22:06:22', '2015-03-16 23:13:58', 'Zamestnanec', 'eFZZcmd2U09tbw==');
INSERT INTO Employee (employeeID, firstName, lastName, address, phone, birthDate, start, [end], position, password) VALUES (49, 'Myrle', 'Dark', '34001 Derek Circle', '6823953019', '2006-10-20 11:06:45', '2012-12-02 10:00:19', null, 'Zamestnanec', 'OTFVck1u');
INSERT INTO Employee (employeeID, firstName, lastName, address, phone, birthDate, start, [end], position, password) VALUES (50, 'Lucas', 'Scandroot', '4 Gale Junction', '4065839065', '2004-01-23 03:34:13', '2014-01-02 01:27:51', null, 'Zamestnanec', 'ZURxNE5HR0k=');
SET IDENTITY_INSERT Employee OFF;

SET IDENTITY_INSERT Payment ON;
INSERT INTO Payment (paymentID, type, total, successful, created, employeeID) VALUES (1, 'Kartou', 322.9, 1, '2019-02-24 00:34:20', 7);
INSERT INTO Payment (paymentID, type, total, successful, created, employeeID) VALUES (2, 'Hotove', 719.8, 1, '2020-05-23 05:08:08', 9);
INSERT INTO Payment (paymentID, type, total, successful, created, employeeID) VALUES (3, 'Kartou', 122.5, 1, '2018-06-05 18:02:20', 30);
INSERT INTO Payment (paymentID, type, total, successful, created, employeeID) VALUES (4, 'Kartou', 341.9, 1, '2020-05-05 03:09:02', 31);
INSERT INTO Payment (paymentID, type, total, successful, created, employeeID) VALUES (5, 'Kartou', 200.8, 1, '2019-07-23 12:05:49', 31);
INSERT INTO Payment (paymentID, type, total, successful, created, employeeID) VALUES (6, 'Hotove', 133.6, 0, '2018-09-27 22:00:43', 36);
INSERT INTO Payment (paymentID, type, total, successful, created, employeeID) VALUES (7, 'Kartou', 452.8, 1, '2016-09-30 19:25:22', 42);
INSERT INTO Payment (paymentID, type, total, successful, created, employeeID) VALUES (8, 'Kartou', 654.4, 1, '2021-07-27 21:12:19', 2);
INSERT INTO Payment (paymentID, type, total, successful, created, employeeID) VALUES (9, 'Hotove', 243.2, 1, '2020-01-27 23:32:49', 41);
INSERT INTO Payment (paymentID, type, total, successful, created, employeeID) VALUES (10, 'Kartou', 234.3, 1, '2020-10-02 21:31:29', 1);
INSERT INTO Payment (paymentID, type, total, successful, created, employeeID) VALUES (11, 'Kartou', 365.0, 1, '2021-04-18 06:47:27', 3);
INSERT INTO Payment (paymentID, type, total, successful, created, employeeID) VALUES (12, 'Hotove', 706.4, 1, '2019-05-22 18:55:01', 21);
INSERT INTO Payment (paymentID, type, total, successful, created, employeeID) VALUES (13, 'Hotove', 159.1, 1, '2018-09-14 10:28:06', 1);
INSERT INTO Payment (paymentID, type, total, successful, created, employeeID) VALUES (14, 'Hotove', 167.8, 1, '2017-01-14 23:15:03', 49);
INSERT INTO Payment (paymentID, type, total, successful, created, employeeID) VALUES (15, 'Kartou', 134.1, 1, '2021-02-20 20:55:36', 23);
INSERT INTO Payment (paymentID, type, total, successful, created, employeeID) VALUES (16, 'Hotove', 125.2, 0, '2021-07-14 13:13:13', 8);
INSERT INTO Payment (paymentID, type, total, successful, created, employeeID) VALUES (17, 'Hotove', 241.4, 1, '2017-07-01 05:21:38', 36);
INSERT INTO Payment (paymentID, type, total, successful, created, employeeID) VALUES (18, 'Hotove', 110.3, 1, '2019-05-16 23:53:10', 7);
INSERT INTO Payment (paymentID, type, total, successful, created, employeeID) VALUES (19, 'Hotove', 125.2, 1, '2019-03-19 01:26:41', 11);
INSERT INTO Payment (paymentID, type, total, successful, created, employeeID) VALUES (20, 'Kartou', 223.0, 0, '2019-08-13 06:29:34', 10);
INSERT INTO Payment (paymentID, type, total, successful, created, employeeID) VALUES (21, 'Kartou', 636.1, 1, '2016-10-13 03:55:38', 35);
INSERT INTO Payment (paymentID, type, total, successful, created, employeeID) VALUES (22, 'Kartou', 271.2, 1, '2018-11-24 13:15:48', 41);
INSERT INTO Payment (paymentID, type, total, successful, created, employeeID) VALUES (23, 'Hotove', 182.9, 0, '2017-09-30 05:37:45', 37);
INSERT INTO Payment (paymentID, type, total, successful, created, employeeID) VALUES (24, 'Kartou', 104.6, 1, '2019-01-09 21:41:35', 48);
INSERT INTO Payment (paymentID, type, total, successful, created, employeeID) VALUES (25, 'Hotove', 159.1, 1, '2018-06-04 03:08:07', 20);
INSERT INTO Payment (paymentID, type, total, successful, created, employeeID) VALUES (26, 'Hotove', 158.1, 1, '2016-02-06 19:23:12', 33);
INSERT INTO Payment (paymentID, type, total, successful, created, employeeID) VALUES (27, 'Hotove', 177.2, 1, '2017-03-30 11:29:48', 27);
INSERT INTO Payment (paymentID, type, total, successful, created, employeeID) VALUES (28, 'Hotove', 739.8, 0, '2021-02-02 02:46:50', 35);
INSERT INTO Payment (paymentID, type, total, successful, created, employeeID) VALUES (29, 'Kartou', 144.6, 1, '2020-08-03 22:26:09', 30);
INSERT INTO Payment (paymentID, type, total, successful, created, employeeID) VALUES (30, 'Kartou', 453.4, 0, '2016-09-14 10:12:18', 46);
INSERT INTO Payment (paymentID, type, total, successful, created, employeeID) VALUES (31, 'Kartou', 380.6, 1, '2016-09-14 09:16:03', 44);
INSERT INTO Payment (paymentID, type, total, successful, created, employeeID) VALUES (32, 'Hotove', 120.8, 0, '2015-12-24 22:49:01', 41);
INSERT INTO Payment (paymentID, type, total, successful, created, employeeID) VALUES (33, 'Kartou', 737.5, 1, '2017-03-25 18:15:10', 20);
INSERT INTO Payment (paymentID, type, total, successful, created, employeeID) VALUES (34, 'Kartou', 636.6, 0, '2021-05-23 20:39:45', 47);
INSERT INTO Payment (paymentID, type, total, successful, created, employeeID) VALUES (35, 'Hotove', 219.1, 1, '2019-10-15 16:22:21', 16);
INSERT INTO Payment (paymentID, type, total, successful, created, employeeID) VALUES (36, 'Hotove', 132.3, 1, '2018-12-14 15:27:53', 4);
INSERT INTO Payment (paymentID, type, total, successful, created, employeeID) VALUES (37, 'Kartou', 442.9, 0, '2017-03-10 04:32:47', 20);
INSERT INTO Payment (paymentID, type, total, successful, created, employeeID) VALUES (38, 'Kartou', 434.2, 0, '2017-03-07 22:25:13', 11);
INSERT INTO Payment (paymentID, type, total, successful, created, employeeID) VALUES (39, 'Hotove', 133.4, 1, '2018-02-27 13:20:44', 34);
INSERT INTO Payment (paymentID, type, total, successful, created, employeeID) VALUES (40, 'Hotove', 207.3, 1, '2018-07-01 10:08:52', 50);
INSERT INTO Payment (paymentID, type, total, successful, created, employeeID) VALUES (41, 'Kartou', 180.4, 1, '2016-10-01 03:15:24', 31);
INSERT INTO Payment (paymentID, type, total, successful, created, employeeID) VALUES (42, 'Hotove', 317.7, 1, '2017-02-27 07:31:41', 39);
INSERT INTO Payment (paymentID, type, total, successful, created, employeeID) VALUES (43, 'Hotove', 339.5, 1, '2019-02-04 15:41:29', 45);
INSERT INTO Payment (paymentID, type, total, successful, created, employeeID) VALUES (44, 'Hotove', 118.1, 1, '2016-10-04 12:38:22', 35);
INSERT INTO Payment (paymentID, type, total, successful, created, employeeID) VALUES (45, 'Kartou', 452.0, 1, '2020-07-06 22:12:20', 9);
INSERT INTO Payment (paymentID, type, total, successful, created, employeeID) VALUES (46, 'Hotove', 169.6, 0, '2020-06-21 13:59:16', 16);
INSERT INTO Payment (paymentID, type, total, successful, created, employeeID) VALUES (47, 'Hotove', 183.2, 1, '2017-09-09 10:55:07', 30);
INSERT INTO Payment (paymentID, type, total, successful, created, employeeID) VALUES (48, 'Hotove', 133.3, 1, '2016-06-28 13:05:00', 18);
INSERT INTO Payment (paymentID, type, total, successful, created, employeeID) VALUES (49, 'Kartou', 297.6, 0, '2020-03-09 03:41:54', 1);
INSERT INTO Payment (paymentID, type, total, successful, created, employeeID) VALUES (50, 'Hotove', 161.9, 1, '2020-10-09 02:41:46', 35);
INSERT INTO Payment (paymentID, type, total, successful, created, employeeID) VALUES (51, 'Hotove', 122.7, 1, '2016-12-16 14:00:07', 9);
INSERT INTO Payment (paymentID, type, total, successful, created, employeeID) VALUES (52, 'Kartou', 673.5, 0, '2021-11-12 03:35:57', 43);
INSERT INTO Payment (paymentID, type, total, successful, created, employeeID) VALUES (53, 'Kartou', 662.4, 1, '2021-10-21 19:17:25', 43);
INSERT INTO Payment (paymentID, type, total, successful, created, employeeID) VALUES (54, 'Kartou', 496.0, 0, '2017-05-23 00:46:02', 12);
INSERT INTO Payment (paymentID, type, total, successful, created, employeeID) VALUES (55, 'Hotove', 129.5, 0, '2017-12-01 19:24:45', 26);
INSERT INTO Payment (paymentID, type, total, successful, created, employeeID) VALUES (56, 'Hotove', 119.3, 1, '2020-09-21 05:07:54', 34);
INSERT INTO Payment (paymentID, type, total, successful, created, employeeID) VALUES (57, 'Hotove', 330.6, 0, '2020-10-21 20:03:25', 27);
INSERT INTO Payment (paymentID, type, total, successful, created, employeeID) VALUES (58, 'Hotove', 111.9, 0, '2016-10-01 01:48:01', 46);
INSERT INTO Payment (paymentID, type, total, successful, created, employeeID) VALUES (59, 'Kartou', 296.5, 1, '2017-10-20 12:33:26', 41);
INSERT INTO Payment (paymentID, type, total, successful, created, employeeID) VALUES (60, 'Kartou', 406.7, 1, '2018-06-13 15:03:17', 18);
INSERT INTO Payment (paymentID, type, total, successful, created, employeeID) VALUES (61, 'Hotove', 168.8, 1, '2021-03-22 12:33:46', 39);
INSERT INTO Payment (paymentID, type, total, successful, created, employeeID) VALUES (62, 'Kartou', 454.7, 1, '2019-12-27 12:32:09', 20);
INSERT INTO Payment (paymentID, type, total, successful, created, employeeID) VALUES (63, 'Hotove', 161.8, 1, '2020-06-16 21:52:52', 3);
INSERT INTO Payment (paymentID, type, total, successful, created, employeeID) VALUES (64, 'Hotove', 116.8, 0, '2020-06-24 22:59:17', 12);
INSERT INTO Payment (paymentID, type, total, successful, created, employeeID) VALUES (65, 'Hotove', 149.2, 0, '2018-07-20 10:12:41', 17);
INSERT INTO Payment (paymentID, type, total, successful, created, employeeID) VALUES (66, 'Hotove', 138.8, 1, '2019-04-26 17:19:37', 30);
INSERT INTO Payment (paymentID, type, total, successful, created, employeeID) VALUES (67, 'Kartou', 313.6, 0, '2019-06-04 18:58:34', 43);
INSERT INTO Payment (paymentID, type, total, successful, created, employeeID) VALUES (68, 'Kartou', 216.1, 1, '2018-11-25 23:41:49', 8);
INSERT INTO Payment (paymentID, type, total, successful, created, employeeID) VALUES (69, 'Hotove', 121.5, 0, '2018-04-23 00:07:01', 7);
INSERT INTO Payment (paymentID, type, total, successful, created, employeeID) VALUES (70, 'Kartou', 715.8, 1, '2017-03-12 08:46:16', 21);
INSERT INTO Payment (paymentID, type, total, successful, created, employeeID) VALUES (71, 'Hotove', 131.7, 1, '2017-04-10 13:47:48', 12);
INSERT INTO Payment (paymentID, type, total, successful, created, employeeID) VALUES (72, 'Hotove', 305.4, 1, '2020-10-25 18:43:41', 47);
INSERT INTO Payment (paymentID, type, total, successful, created, employeeID) VALUES (73, 'Kartou', 402.3, 1, '2019-08-21 01:03:16', 14);
INSERT INTO Payment (paymentID, type, total, successful, created, employeeID) VALUES (74, 'Kartou', 416.7, 0, '2018-11-20 19:50:05', 25);
INSERT INTO Payment (paymentID, type, total, successful, created, employeeID) VALUES (75, 'Hotove', 109.6, 1, '2019-07-19 01:33:46', 10);
INSERT INTO Payment (paymentID, type, total, successful, created, employeeID) VALUES (76, 'Kartou', 398.7, 0, '2021-04-03 20:55:06', 45);
INSERT INTO Payment (paymentID, type, total, successful, created, employeeID) VALUES (77, 'Hotove', 185.0, 1, '2017-04-17 06:16:09', 1);
INSERT INTO Payment (paymentID, type, total, successful, created, employeeID) VALUES (78, 'Hotove', 110.5, 1, '2018-03-16 08:02:01', 11);
INSERT INTO Payment (paymentID, type, total, successful, created, employeeID) VALUES (79, 'Kartou', 741.3, 1, '2017-10-13 20:42:08', 35);
INSERT INTO Payment (paymentID, type, total, successful, created, employeeID) VALUES (80, 'Hotove', 246.3, 0, '2018-01-18 18:37:54', 31);
INSERT INTO Payment (paymentID, type, total, successful, created, employeeID) VALUES (81, 'Hotove', 316.8, 1, '2016-07-06 15:33:06', 36);
INSERT INTO Payment (paymentID, type, total, successful, created, employeeID) VALUES (82, 'Hotove', 150.5, 1, '2016-12-07 09:52:32', 18);
INSERT INTO Payment (paymentID, type, total, successful, created, employeeID) VALUES (83, 'Kartou', 632.8, 1, '2017-08-21 11:30:44', 49);
INSERT INTO Payment (paymentID, type, total, successful, created, employeeID) VALUES (84, 'Kartou', 276.9, 1, '2019-07-25 10:19:25', 16);
INSERT INTO Payment (paymentID, type, total, successful, created, employeeID) VALUES (85, 'Kartou', 216.0, 1, '2017-02-06 20:01:14', 7);
INSERT INTO Payment (paymentID, type, total, successful, created, employeeID) VALUES (86, 'Hotove', 215.6, 1, '2015-12-14 07:55:36', 36);
INSERT INTO Payment (paymentID, type, total, successful, created, employeeID) VALUES (87, 'Hotove', 163.2, 1, '2018-08-07 17:02:21', 14);
INSERT INTO Payment (paymentID, type, total, successful, created, employeeID) VALUES (88, 'Kartou', 323.8, 1, '2020-09-27 13:02:58', 2);
INSERT INTO Payment (paymentID, type, total, successful, created, employeeID) VALUES (89, 'Hotove', 385.5, 1, '2016-05-16 23:40:36', 21);
INSERT INTO Payment (paymentID, type, total, successful, created, employeeID) VALUES (90, 'Hotove', 104.1, 0, '2021-10-12 22:04:10', 10);
INSERT INTO Payment (paymentID, type, total, successful, created, employeeID) VALUES (91, 'Kartou', 468.6, 0, '2016-11-04 13:57:00', 50);
INSERT INTO Payment (paymentID, type, total, successful, created, employeeID) VALUES (92, 'Kartou', 721.9, 0, '2020-04-14 03:43:35', 43);
INSERT INTO Payment (paymentID, type, total, successful, created, employeeID) VALUES (93, 'Hotove', 164.9, 0, '2016-09-17 06:11:55', 40);
INSERT INTO Payment (paymentID, type, total, successful, created, employeeID) VALUES (94, 'Kartou', 472.8, 1, '2019-05-20 07:38:17', 16);
INSERT INTO Payment (paymentID, type, total, successful, created, employeeID) VALUES (95, 'Hotove', 120.2, 1, '2019-05-18 23:41:39', 44);
INSERT INTO Payment (paymentID, type, total, successful, created, employeeID) VALUES (96, 'Hotove', 167.4, 0, '2018-02-11 01:58:14', 39);
INSERT INTO Payment (paymentID, type, total, successful, created, employeeID) VALUES (97, 'Hotove', 377.2, 1, '2020-07-07 18:10:26', 3);
INSERT INTO Payment (paymentID, type, total, successful, created, employeeID) VALUES (98, 'Hotove', 105.0, 1, '2020-04-09 16:23:58', 45);
INSERT INTO Payment (paymentID, type, total, successful, created, employeeID) VALUES (99, 'Hotove', 726.2, 1, '2021-10-24 23:15:29', 8);
INSERT INTO Payment (paymentID, type, total, successful, created, employeeID) VALUES (100, 'Hotove', 115.2, 1, '2020-01-21 03:21:45', 23);
INSERT INTO Payment (paymentID, type, total, successful, created, employeeID) VALUES (101, 'Kartou', 319.2, 0, '2016-02-26 12:54:27', 36);
INSERT INTO Payment (paymentID, type, total, successful, created, employeeID) VALUES (102, 'Kartou', 330.7, 0, '2018-06-19 15:55:21', 16);
INSERT INTO Payment (paymentID, type, total, successful, created, employeeID) VALUES (103, 'Kartou', 352.8, 1, '2017-10-25 10:01:51', 29);
INSERT INTO Payment (paymentID, type, total, successful, created, employeeID) VALUES (104, 'Kartou', 660.7, 1, '2020-08-14 07:01:37', 48);
INSERT INTO Payment (paymentID, type, total, successful, created, employeeID) VALUES (105, 'Kartou', 187.9, 0, '2016-05-06 21:40:14', 10);
INSERT INTO Payment (paymentID, type, total, successful, created, employeeID) VALUES (106, 'Kartou', 106.4, 1, '2019-10-22 04:38:55', 41);
INSERT INTO Payment (paymentID, type, total, successful, created, employeeID) VALUES (107, 'Hotove', 171.1, 1, '2019-08-26 09:34:51', 21);
INSERT INTO Payment (paymentID, type, total, successful, created, employeeID) VALUES (108, 'Kartou', 371.1, 0, '2021-05-09 11:07:41', 32);
INSERT INTO Payment (paymentID, type, total, successful, created, employeeID) VALUES (109, 'Hotove', 117.8, 1, '2018-12-02 06:00:15', 24);
INSERT INTO Payment (paymentID, type, total, successful, created, employeeID) VALUES (110, 'Hotove', 344.1, 1, '2017-08-11 14:08:12', 30);
INSERT INTO Payment (paymentID, type, total, successful, created, employeeID) VALUES (111, 'Hotove', 231.1, 0, '2021-10-17 15:43:13', 16);
INSERT INTO Payment (paymentID, type, total, successful, created, employeeID) VALUES (112, 'Kartou', 410.3, 0, '2019-07-30 14:14:50', 12);
INSERT INTO Payment (paymentID, type, total, successful, created, employeeID) VALUES (113, 'Hotove', 170.1, 1, '2017-04-14 11:48:37', 1);
INSERT INTO Payment (paymentID, type, total, successful, created, employeeID) VALUES (114, 'Hotove', 210.5, 1, '2019-01-12 14:55:51', 20);
INSERT INTO Payment (paymentID, type, total, successful, created, employeeID) VALUES (115, 'Kartou', 279.6, 0, '2016-09-18 11:15:23', 17);
INSERT INTO Payment (paymentID, type, total, successful, created, employeeID) VALUES (116, 'Kartou', 268.1, 1, '2020-03-21 13:25:22', 41);
INSERT INTO Payment (paymentID, type, total, successful, created, employeeID) VALUES (117, 'Kartou', 122.2, 1, '2018-01-29 17:43:06', 24);
INSERT INTO Payment (paymentID, type, total, successful, created, employeeID) VALUES (118, 'Hotove', 126.4, 0, '2021-09-27 09:51:37', 34);
INSERT INTO Payment (paymentID, type, total, successful, created, employeeID) VALUES (119, 'Hotove', 237.8, 1, '2020-12-13 23:55:11', 33);
INSERT INTO Payment (paymentID, type, total, successful, created, employeeID) VALUES (120, 'Hotove', 139.7, 0, '2018-06-23 23:11:39', 39);
INSERT INTO Payment (paymentID, type, total, successful, created, employeeID) VALUES (121, 'Kartou', 461.5, 1, '2017-12-13 20:51:24', 31);
INSERT INTO Payment (paymentID, type, total, successful, created, employeeID) VALUES (122, 'Kartou', 122.2, 1, '2020-06-01 16:09:54', 31);
INSERT INTO Payment (paymentID, type, total, successful, created, employeeID) VALUES (123, 'Hotove', 117.2, 1, '2018-03-19 15:30:36', 7);
INSERT INTO Payment (paymentID, type, total, successful, created, employeeID) VALUES (124, 'Kartou', 661.7, 0, '2018-09-15 21:38:28', 1);
INSERT INTO Payment (paymentID, type, total, successful, created, employeeID) VALUES (125, 'Hotove', 157.0, 1, '2017-07-10 14:16:33', 32);
INSERT INTO Payment (paymentID, type, total, successful, created, employeeID) VALUES (126, 'Hotove', 189.9, 0, '2018-06-07 15:57:04', 28);
INSERT INTO Payment (paymentID, type, total, successful, created, employeeID) VALUES (127, 'Kartou', 121.9, 1, '2020-01-19 03:28:23', 3);
INSERT INTO Payment (paymentID, type, total, successful, created, employeeID) VALUES (128, 'Hotove', 111.0, 1, '2017-01-12 17:15:48', 40);
INSERT INTO Payment (paymentID, type, total, successful, created, employeeID) VALUES (129, 'Hotove', 724.8, 1, '2018-10-11 14:16:38', 40);
INSERT INTO Payment (paymentID, type, total, successful, created, employeeID) VALUES (130, 'Kartou', 436.6, 1, '2017-03-13 08:53:15', 21);
INSERT INTO Payment (paymentID, type, total, successful, created, employeeID) VALUES (131, 'Hotove', 360.2, 1, '2017-02-13 17:35:36', 39);
INSERT INTO Payment (paymentID, type, total, successful, created, employeeID) VALUES (132, 'Kartou', 709.8, 1, '2019-06-10 16:25:16', 41);
INSERT INTO Payment (paymentID, type, total, successful, created, employeeID) VALUES (133, 'Kartou', 603.4, 1, '2021-06-12 10:32:23', 7);
INSERT INTO Payment (paymentID, type, total, successful, created, employeeID) VALUES (134, 'Hotove', 121.4, 0, '2016-12-29 19:15:53', 4);
INSERT INTO Payment (paymentID, type, total, successful, created, employeeID) VALUES (135, 'Hotove', 344.7, 1, '2021-11-19 20:25:35', 45);
INSERT INTO Payment (paymentID, type, total, successful, created, employeeID) VALUES (136, 'Kartou', 459.0, 1, '2018-01-30 13:20:04', 2);
INSERT INTO Payment (paymentID, type, total, successful, created, employeeID) VALUES (137, 'Kartou', 104.2, 1, '2017-07-11 01:36:02', 35);
INSERT INTO Payment (paymentID, type, total, successful, created, employeeID) VALUES (138, 'Kartou', 117.5, 1, '2019-05-07 00:04:43', 6);
INSERT INTO Payment (paymentID, type, total, successful, created, employeeID) VALUES (139, 'Kartou', 152.0, 1, '2017-04-28 06:16:05', 43);
INSERT INTO Payment (paymentID, type, total, successful, created, employeeID) VALUES (140, 'Kartou', 136.1, 1, '2020-10-20 10:04:03', 7);
INSERT INTO Payment (paymentID, type, total, successful, created, employeeID) VALUES (141, 'Hotove', 241.2, 1, '2019-07-20 21:05:35', 38);
INSERT INTO Payment (paymentID, type, total, successful, created, employeeID) VALUES (142, 'Hotove', 119.0, 1, '2020-07-12 03:16:01', 50);
INSERT INTO Payment (paymentID, type, total, successful, created, employeeID) VALUES (143, 'Hotove', 341.4, 1, '2018-07-05 08:51:04', 17);
INSERT INTO Payment (paymentID, type, total, successful, created, employeeID) VALUES (144, 'Kartou', 144.9, 0, '2021-11-21 10:16:44', 43);
INSERT INTO Payment (paymentID, type, total, successful, created, employeeID) VALUES (145, 'Hotove', 303.3, 1, '2021-05-26 17:33:43', 36);
INSERT INTO Payment (paymentID, type, total, successful, created, employeeID) VALUES (146, 'Hotove', 168.8, 0, '2017-10-10 20:27:29', 25);
INSERT INTO Payment (paymentID, type, total, successful, created, employeeID) VALUES (147, 'Hotove', 104.6, 1, '2019-08-09 23:58:32', 9);
INSERT INTO Payment (paymentID, type, total, successful, created, employeeID) VALUES (148, 'Kartou', 143.6, 1, '2017-08-08 04:25:10', 15);
INSERT INTO Payment (paymentID, type, total, successful, created, employeeID) VALUES (149, 'Kartou', 476.0, 0, '2020-06-15 18:48:39', 22);
INSERT INTO Payment (paymentID, type, total, successful, created, employeeID) VALUES (150, 'Kartou', 170.2, 1, '2020-08-08 04:05:37', 12);
INSERT INTO Payment (paymentID, type, total, successful, created, employeeID) VALUES (151, 'Hotove', 383.4, 1, '2016-02-02 06:49:28', 18);
INSERT INTO Payment (paymentID, type, total, successful, created, employeeID) VALUES (152, 'Kartou', 187.3, 1, '2016-07-31 14:28:43', 9);
INSERT INTO Payment (paymentID, type, total, successful, created, employeeID) VALUES (153, 'Kartou', 430.5, 1, '2021-06-28 12:49:31', 15);
INSERT INTO Payment (paymentID, type, total, successful, created, employeeID) VALUES (154, 'Hotove', 364.2, 1, '2018-06-03 16:38:52', 23);
INSERT INTO Payment (paymentID, type, total, successful, created, employeeID) VALUES (155, 'Kartou', 645.4, 0, '2020-08-18 19:42:56', 4);
INSERT INTO Payment (paymentID, type, total, successful, created, employeeID) VALUES (156, 'Kartou', 326.9, 1, '2017-06-23 01:50:45', 23);
INSERT INTO Payment (paymentID, type, total, successful, created, employeeID) VALUES (157, 'Hotove', 116.7, 0, '2018-10-18 02:32:53', 39);
INSERT INTO Payment (paymentID, type, total, successful, created, employeeID) VALUES (158, 'Kartou', 322.4, 0, '2019-08-15 09:11:14', 22);
INSERT INTO Payment (paymentID, type, total, successful, created, employeeID) VALUES (159, 'Kartou', 283.4, 0, '2019-09-26 03:37:13', 23);
INSERT INTO Payment (paymentID, type, total, successful, created, employeeID) VALUES (160, 'Hotove', 160.1, 0, '2017-06-18 17:47:02', 26);
INSERT INTO Payment (paymentID, type, total, successful, created, employeeID) VALUES (161, 'Hotove', 175.3, 1, '2021-06-19 09:58:24', 3);
INSERT INTO Payment (paymentID, type, total, successful, created, employeeID) VALUES (162, 'Kartou', 144.3, 1, '2020-11-07 14:20:20', 47);
INSERT INTO Payment (paymentID, type, total, successful, created, employeeID) VALUES (163, 'Kartou', 601.6, 1, '2016-03-09 14:12:27', 30);
INSERT INTO Payment (paymentID, type, total, successful, created, employeeID) VALUES (164, 'Hotove', 153.3, 1, '2019-01-14 16:17:05', 17);
INSERT INTO Payment (paymentID, type, total, successful, created, employeeID) VALUES (165, 'Kartou', 338.6, 1, '2018-02-24 23:11:58', 15);
INSERT INTO Payment (paymentID, type, total, successful, created, employeeID) VALUES (166, 'Hotove', 203.9, 1, '2016-08-06 09:09:52', 33);
INSERT INTO Payment (paymentID, type, total, successful, created, employeeID) VALUES (167, 'Hotove', 170.1, 0, '2020-04-14 22:44:00', 6);
INSERT INTO Payment (paymentID, type, total, successful, created, employeeID) VALUES (168, 'Kartou', 267.6, 1, '2017-02-27 23:40:26', 49);
INSERT INTO Payment (paymentID, type, total, successful, created, employeeID) VALUES (169, 'Hotove', 100.8, 1, '2021-08-03 23:19:22', 11);
INSERT INTO Payment (paymentID, type, total, successful, created, employeeID) VALUES (170, 'Kartou', 10.0, 1, '2019-05-23 11:31:00', 35);
INSERT INTO Payment (paymentID, type, total, successful, created, employeeID) VALUES (171, 'Kartou', 230.9, 1, '2017-07-22 21:10:29', 46);
INSERT INTO Payment (paymentID, type, total, successful, created, employeeID) VALUES (172, 'Hotove', 19.1, 0, '2019-01-26 14:39:40', 14);
INSERT INTO Payment (paymentID, type, total, successful, created, employeeID) VALUES (173, 'Kartou', 264.9, 1, '2016-08-08 05:13:43', 30);
INSERT INTO Payment (paymentID, type, total, successful, created, employeeID) VALUES (174, 'Kartou', 627.5, 1, '2021-09-19 10:21:42', 14);
INSERT INTO Payment (paymentID, type, total, successful, created, employeeID) VALUES (175, 'Hotove', 182.3, 0, '2019-09-21 06:58:47', 3);
INSERT INTO Payment (paymentID, type, total, successful, created, employeeID) VALUES (176, 'Kartou', 463.3, 1, '2021-06-25 19:03:51', 38);
INSERT INTO Payment (paymentID, type, total, successful, created, employeeID) VALUES (177, 'Hotove', 140.3, 1, '2020-07-05 19:56:27', 3);
INSERT INTO Payment (paymentID, type, total, successful, created, employeeID) VALUES (178, 'Hotove', 196.8, 1, '2021-07-12 01:16:07', 49);
INSERT INTO Payment (paymentID, type, total, successful, created, employeeID) VALUES (179, 'Hotove', 144.4, 1, '2021-11-09 06:28:42', 42);
INSERT INTO Payment (paymentID, type, total, successful, created, employeeID) VALUES (180, 'Kartou', 632.4, 0, '2017-08-08 03:28:28', 30);
INSERT INTO Payment (paymentID, type, total, successful, created, employeeID) VALUES (181, 'Kartou', 210.2, 1, '2020-05-10 08:41:36', 38);
INSERT INTO Payment (paymentID, type, total, successful, created, employeeID) VALUES (182, 'Hotove', 117.8, 1, '2017-03-15 19:37:45', 11);
INSERT INTO Payment (paymentID, type, total, successful, created, employeeID) VALUES (183, 'Kartou', 348.3, 1, '2020-07-05 07:29:24', 21);
INSERT INTO Payment (paymentID, type, total, successful, created, employeeID) VALUES (184, 'Hotove', 160.0, 1, '2016-08-07 09:41:23', 17);
INSERT INTO Payment (paymentID, type, total, successful, created, employeeID) VALUES (185, 'Hotove', 102.1, 1, '2020-03-01 00:51:01', 46);
INSERT INTO Payment (paymentID, type, total, successful, created, employeeID) VALUES (186, 'Hotove', 136.0, 0, '2021-10-10 23:04:55', 45);
INSERT INTO Payment (paymentID, type, total, successful, created, employeeID) VALUES (187, 'Hotove', 283.1, 1, '2017-04-13 01:48:32', 34);
INSERT INTO Payment (paymentID, type, total, successful, created, employeeID) VALUES (188, 'Hotove', 180.9, 0, '2015-12-25 17:32:50', 3);
INSERT INTO Payment (paymentID, type, total, successful, created, employeeID) VALUES (189, 'Kartou', 665.2, 1, '2020-01-27 23:29:33', 20);
INSERT INTO Payment (paymentID, type, total, successful, created, employeeID) VALUES (190, 'Hotove', 384.2, 0, '2016-05-13 03:19:58', 43);
INSERT INTO Payment (paymentID, type, total, successful, created, employeeID) VALUES (191, 'Kartou', 620.3, 0, '2019-08-23 03:47:45', 24);
INSERT INTO Payment (paymentID, type, total, successful, created, employeeID) VALUES (192, 'Hotove', 253.3, 1, '2018-02-04 16:21:47', 40);
INSERT INTO Payment (paymentID, type, total, successful, created, employeeID) VALUES (193, 'Hotove', 124.2, 1, '2017-08-18 15:32:28', 48);
INSERT INTO Payment (paymentID, type, total, successful, created, employeeID) VALUES (194, 'Hotove', 354.4, 1, '2016-11-07 07:28:07', 28);
INSERT INTO Payment (paymentID, type, total, successful, created, employeeID) VALUES (195, 'Kartou', 197.6, 1, '2016-01-18 13:51:09', 25);
INSERT INTO Payment (paymentID, type, total, successful, created, employeeID) VALUES (196, 'Hotove', 109.3, 1, '2016-07-04 08:35:38', 9);
INSERT INTO Payment (paymentID, type, total, successful, created, employeeID) VALUES (197, 'Hotove', 130.5, 1, '2018-05-10 10:28:15', 25);
INSERT INTO Payment (paymentID, type, total, successful, created, employeeID) VALUES (198, 'Hotove', 295.9, 1, '2018-02-08 07:00:41', 20);
INSERT INTO Payment (paymentID, type, total, successful, created, employeeID) VALUES (199, 'Kartou', 23.5, 1, '2018-02-14 21:58:16', 10);
INSERT INTO Payment (paymentID, type, total, successful, created, employeeID) VALUES (200, 'Kartou', 374.8, 1, '2020-11-08 05:05:09', 39);
INSERT INTO Payment (paymentID, type, total, successful, created, employeeID) VALUES (201, 'Hotove', 183.2, 1, '2017-02-28 19:07:30', 29);
INSERT INTO Payment (paymentID, type, total, successful, created, employeeID) VALUES (202, 'Hotove', 174.0, 0, '2018-10-16 11:27:24', 1);
INSERT INTO Payment (paymentID, type, total, successful, created, employeeID) VALUES (203, 'Kartou', 125.3, 1, '2021-04-18 23:23:55', 34);
INSERT INTO Payment (paymentID, type, total, successful, created, employeeID) VALUES (204, 'Kartou', 445.2, 1, '2021-10-26 11:22:15', 16);
INSERT INTO Payment (paymentID, type, total, successful, created, employeeID) VALUES (205, 'Kartou', 187.8, 0, '2021-09-23 04:44:27', 13);
INSERT INTO Payment (paymentID, type, total, successful, created, employeeID) VALUES (206, 'Hotove', 178.4, 1, '2018-06-04 08:33:38', 49);
INSERT INTO Payment (paymentID, type, total, successful, created, employeeID) VALUES (207, 'Kartou', 407.4, 1, '2021-02-10 03:28:47', 31);
INSERT INTO Payment (paymentID, type, total, successful, created, employeeID) VALUES (208, 'Hotove', 176.0, 1, '2020-12-07 17:12:57', 39);
INSERT INTO Payment (paymentID, type, total, successful, created, employeeID) VALUES (209, 'Hotove', 344.7, 0, '2016-03-10 12:20:19', 33);
INSERT INTO Payment (paymentID, type, total, successful, created, employeeID) VALUES (210, 'Hotove', 241.3, 0, '2017-10-08 18:28:29', 50);
INSERT INTO Payment (paymentID, type, total, successful, created, employeeID) VALUES (211, 'Hotove', 166.7, 1, '2020-04-30 01:52:18', 20);
INSERT INTO Payment (paymentID, type, total, successful, created, employeeID) VALUES (212, 'Hotove', 188.0, 1, '2019-07-20 06:21:45', 15);
INSERT INTO Payment (paymentID, type, total, successful, created, employeeID) VALUES (213, 'Hotove', 345.2, 1, '2016-08-25 07:19:55', 50);
INSERT INTO Payment (paymentID, type, total, successful, created, employeeID) VALUES (214, 'Hotove', 197.6, 1, '2018-07-18 19:27:31', 32);
INSERT INTO Payment (paymentID, type, total, successful, created, employeeID) VALUES (215, 'Hotove', 286.0, 1, '2017-03-07 18:22:45', 14);
INSERT INTO Payment (paymentID, type, total, successful, created, employeeID) VALUES (216, 'Hotove', 181.7, 1, '2020-11-04 16:22:16', 48);
INSERT INTO Payment (paymentID, type, total, successful, created, employeeID) VALUES (217, 'Hotove', 199.4, 1, '2017-08-10 17:14:47', 9);
INSERT INTO Payment (paymentID, type, total, successful, created, employeeID) VALUES (218, 'Kartou', 649.2, 1, '2016-10-26 17:59:18', 49);
INSERT INTO Payment (paymentID, type, total, successful, created, employeeID) VALUES (219, 'Hotove', 232.8, 1, '2017-02-19 10:58:35', 47);
INSERT INTO Payment (paymentID, type, total, successful, created, employeeID) VALUES (220, 'Kartou', 674.6, 1, '2016-01-16 06:20:39', 19);
INSERT INTO Payment (paymentID, type, total, successful, created, employeeID) VALUES (221, 'Kartou', 450.7, 1, '2018-11-04 06:34:35', 6);
INSERT INTO Payment (paymentID, type, total, successful, created, employeeID) VALUES (222, 'Kartou', 628.6, 0, '2016-12-29 16:13:59', 11);
INSERT INTO Payment (paymentID, type, total, successful, created, employeeID) VALUES (223, 'Kartou', 128.1, 1, '2018-06-20 02:26:06', 8);
INSERT INTO Payment (paymentID, type, total, successful, created, employeeID) VALUES (224, 'Kartou', 136.6, 1, '2021-06-14 05:37:43', 1);
INSERT INTO Payment (paymentID, type, total, successful, created, employeeID) VALUES (225, 'Hotove', 364.4, 1, '2017-09-29 22:20:38', 15);
INSERT INTO Payment (paymentID, type, total, successful, created, employeeID) VALUES (226, 'Kartou', 313.8, 1, '2017-08-04 21:01:22', 10);
INSERT INTO Payment (paymentID, type, total, successful, created, employeeID) VALUES (227, 'Hotove', 357.1, 1, '2018-12-14 13:07:30', 3);
INSERT INTO Payment (paymentID, type, total, successful, created, employeeID) VALUES (228, 'Kartou', 139.8, 0, '2016-04-21 07:21:06', 21);
INSERT INTO Payment (paymentID, type, total, successful, created, employeeID) VALUES (229, 'Kartou', 240.8, 1, '2020-11-11 04:07:53', 22);
INSERT INTO Payment (paymentID, type, total, successful, created, employeeID) VALUES (230, 'Kartou', 332.8, 1, '2020-05-08 17:25:13', 23);
INSERT INTO Payment (paymentID, type, total, successful, created, employeeID) VALUES (231, 'Kartou', 146.8, 1, '2016-02-16 20:44:12', 16);
INSERT INTO Payment (paymentID, type, total, successful, created, employeeID) VALUES (232, 'Hotove', 226.3, 1, '2019-07-13 15:24:57', 33);
INSERT INTO Payment (paymentID, type, total, successful, created, employeeID) VALUES (233, 'Hotove', 173.6, 1, '2020-06-16 22:35:55', 44);
INSERT INTO Payment (paymentID, type, total, successful, created, employeeID) VALUES (234, 'Kartou', 33.5, 1, '2016-11-04 07:43:27', 18);
INSERT INTO Payment (paymentID, type, total, successful, created, employeeID) VALUES (235, 'Kartou', 264.9, 1, '2020-04-02 23:13:55', 35);
INSERT INTO Payment (paymentID, type, total, successful, created, employeeID) VALUES (236, 'Hotove', 197.3, 1, '2019-03-06 09:57:29', 37);
INSERT INTO Payment (paymentID, type, total, successful, created, employeeID) VALUES (237, 'Kartou', 656.7, 0, '2021-04-18 00:29:20', 1);
INSERT INTO Payment (paymentID, type, total, successful, created, employeeID) VALUES (238, 'Hotove', 169.2, 0, '2018-09-17 06:44:57', 40);
INSERT INTO Payment (paymentID, type, total, successful, created, employeeID) VALUES (239, 'Kartou', 631.6, 1, '2016-07-08 12:13:11', 43);
INSERT INTO Payment (paymentID, type, total, successful, created, employeeID) VALUES (240, 'Hotove', 133.8, 1, '2016-10-24 16:27:29', 25);
INSERT INTO Payment (paymentID, type, total, successful, created, employeeID) VALUES (241, 'Kartou', 194.9, 1, '2021-09-04 00:23:05', 9);
INSERT INTO Payment (paymentID, type, total, successful, created, employeeID) VALUES (242, 'Hotove', 263.4, 1, '2017-09-11 00:15:49', 49);
INSERT INTO Payment (paymentID, type, total, successful, created, employeeID) VALUES (243, 'Hotove', 257.2, 1, '2020-05-05 03:24:35', 6);
INSERT INTO Payment (paymentID, type, total, successful, created, employeeID) VALUES (244, 'Hotove', 350.2, 1, '2018-04-23 20:12:50', 45);
INSERT INTO Payment (paymentID, type, total, successful, created, employeeID) VALUES (245, 'Kartou', 131.6, 1, '2016-01-02 20:05:34', 44);
INSERT INTO Payment (paymentID, type, total, successful, created, employeeID) VALUES (246, 'Hotove', 139.6, 0, '2018-11-11 17:32:16', 11);
INSERT INTO Payment (paymentID, type, total, successful, created, employeeID) VALUES (247, 'Kartou', 187.5, 1, '2019-04-14 13:15:58', 44);
INSERT INTO Payment (paymentID, type, total, successful, created, employeeID) VALUES (248, 'Hotove', 15.6, 1, '2019-12-21 09:49:51', 40);
INSERT INTO Payment (paymentID, type, total, successful, created, employeeID) VALUES (249, 'Kartou', 294.8, 1, '2020-06-22 04:27:57', 8);
INSERT INTO Payment (paymentID, type, total, successful, created, employeeID) VALUES (250, 'Hotove', 106.0, 0, '2016-09-18 04:32:30', 11);
INSERT INTO Payment (paymentID, type, total, successful, created, employeeID) VALUES (251, 'Kartou', 122.7, 1, '2021-05-13 21:39:35', 48);
INSERT INTO Payment (paymentID, type, total, successful, created, employeeID) VALUES (252, 'Kartou', 283.1, 1, '2019-05-22 20:09:04', 45);
INSERT INTO Payment (paymentID, type, total, successful, created, employeeID) VALUES (253, 'Hotove', 374.6, 1, '2021-03-25 23:13:44', 34);
INSERT INTO Payment (paymentID, type, total, successful, created, employeeID) VALUES (254, 'Kartou', 227.1, 1, '2018-07-05 01:43:00', 19);
INSERT INTO Payment (paymentID, type, total, successful, created, employeeID) VALUES (255, 'Kartou', 461.8, 0, '2018-05-16 20:58:36', 40);
INSERT INTO Payment (paymentID, type, total, successful, created, employeeID) VALUES (256, 'Kartou', 358.1, 1, '2017-07-11 04:44:45', 12);
INSERT INTO Payment (paymentID, type, total, successful, created, employeeID) VALUES (257, 'Kartou', 158.2, 1, '2021-11-21 04:14:07', 48);
INSERT INTO Payment (paymentID, type, total, successful, created, employeeID) VALUES (258, 'Kartou', 148.3, 1, '2018-06-26 18:28:04', 38);
INSERT INTO Payment (paymentID, type, total, successful, created, employeeID) VALUES (259, 'Hotove', 397.9, 1, '2019-06-26 21:26:49', 37);
INSERT INTO Payment (paymentID, type, total, successful, created, employeeID) VALUES (260, 'Kartou', 147.9, 1, '2021-09-17 03:28:53', 46);
INSERT INTO Payment (paymentID, type, total, successful, created, employeeID) VALUES (261, 'Kartou', 241.8, 1, '2016-09-04 22:02:39', 8);
INSERT INTO Payment (paymentID, type, total, successful, created, employeeID) VALUES (262, 'Kartou', 34.1, 0, '2021-08-26 12:56:34', 22);
INSERT INTO Payment (paymentID, type, total, successful, created, employeeID) VALUES (263, 'Hotove', 252.5, 1, '2019-01-13 12:48:52', 19);
INSERT INTO Payment (paymentID, type, total, successful, created, employeeID) VALUES (264, 'Kartou', 163.1, 0, '2019-04-14 06:56:13', 36);
INSERT INTO Payment (paymentID, type, total, successful, created, employeeID) VALUES (265, 'Hotove', 196.3, 1, '2017-08-17 06:28:04', 1);
INSERT INTO Payment (paymentID, type, total, successful, created, employeeID) VALUES (267, 'Kartou', 143.2, 0, '2021-02-04 03:22:57', 5);
INSERT INTO Payment (paymentID, type, total, successful, created, employeeID) VALUES (268, 'Hotove', 186.1, 1, '2019-08-26 02:15:49', 47);
INSERT INTO Payment (paymentID, type, total, successful, created, employeeID) VALUES (269, 'Kartou', 490.9, 1, '2018-06-09 15:43:47', 3);
INSERT INTO Payment (paymentID, type, total, successful, created, employeeID) VALUES (266, 'Hotove', 162.0, 1, '2016-06-24 09:16:43', 50);
INSERT INTO Payment (paymentID, type, total, successful, created, employeeID) VALUES (270, 'Kartou', 291.7, 1, '2017-02-14 04:54:41', 47);
INSERT INTO Payment (paymentID, type, total, successful, created, employeeID) VALUES (271, 'Kartou', 235.9, 1, '2017-01-07 10:09:49', 45);
INSERT INTO Payment (paymentID, type, total, successful, created, employeeID) VALUES (272, 'Hotove', 373.4, 1, '2017-05-08 19:04:24', 44);
INSERT INTO Payment (paymentID, type, total, successful, created, employeeID) VALUES (273, 'Hotove', 203.6, 1, '2016-10-09 11:50:32', 31);
INSERT INTO Payment (paymentID, type, total, successful, created, employeeID) VALUES (274, 'Hotove', 172.5, 1, '2018-01-01 05:57:29', 29);
INSERT INTO Payment (paymentID, type, total, successful, created, employeeID) VALUES (275, 'Kartou', 166.9, 1, '2021-05-04 14:08:31', 45);
INSERT INTO Payment (paymentID, type, total, successful, created, employeeID) VALUES (276, 'Kartou', 448.5, 0, '2021-09-14 09:21:38', 40);
INSERT INTO Payment (paymentID, type, total, successful, created, employeeID) VALUES (277, 'Kartou', 171.6, 1, '2017-07-03 23:22:33', 48);
INSERT INTO Payment (paymentID, type, total, successful, created, employeeID) VALUES (278, 'Kartou', 225.5, 1, '2020-10-28 18:21:07', 5);
INSERT INTO Payment (paymentID, type, total, successful, created, employeeID) VALUES (279, 'Kartou', 169.9, 1, '2016-12-14 12:24:29', 5);
INSERT INTO Payment (paymentID, type, total, successful, created, employeeID) VALUES (280, 'Hotove', 134.7, 0, '2017-12-31 21:25:09', 24);
INSERT INTO Payment (paymentID, type, total, successful, created, employeeID) VALUES (281, 'Hotove', 152.0, 1, '2020-02-18 14:45:36', 18);
INSERT INTO Payment (paymentID, type, total, successful, created, employeeID) VALUES (282, 'Hotove', 145.0, 0, '2016-10-31 04:18:00', 44);
INSERT INTO Payment (paymentID, type, total, successful, created, employeeID) VALUES (283, 'Hotove', 28.2, 0, '2017-01-11 21:29:41', 27);
INSERT INTO Payment (paymentID, type, total, successful, created, employeeID) VALUES (284, 'Hotove', 151.5, 1, '2019-10-03 04:33:55', 3);
INSERT INTO Payment (paymentID, type, total, successful, created, employeeID) VALUES (285, 'Kartou', 369.4, 1, '2016-11-24 08:41:32', 50);
INSERT INTO Payment (paymentID, type, total, successful, created, employeeID) VALUES (286, 'Kartou', 308.1, 0, '2017-08-15 14:45:18', 35);
INSERT INTO Payment (paymentID, type, total, successful, created, employeeID) VALUES (287, 'Kartou', 178.6, 1, '2020-06-02 02:22:27', 2);
INSERT INTO Payment (paymentID, type, total, successful, created, employeeID) VALUES (288, 'Hotove', 169.9, 1, '2017-06-23 18:06:02', 10);
INSERT INTO Payment (paymentID, type, total, successful, created, employeeID) VALUES (289, 'Kartou', 30.3, 0, '2021-01-05 20:56:03', 37);
INSERT INTO Payment (paymentID, type, total, successful, created, employeeID) VALUES (290, 'Hotove', 275.2, 1, '2016-11-18 05:04:08', 8);
INSERT INTO Payment (paymentID, type, total, successful, created, employeeID) VALUES (291, 'Hotove', 2.0, 1, '2020-06-26 04:32:43', 34);
INSERT INTO Payment (paymentID, type, total, successful, created, employeeID) VALUES (292, 'Hotove', 166.6, 1, '2021-03-05 21:30:16', 12);
INSERT INTO Payment (paymentID, type, total, successful, created, employeeID) VALUES (293, 'Kartou', 177.4, 1, '2017-06-22 17:55:11', 19);
INSERT INTO Payment (paymentID, type, total, successful, created, employeeID) VALUES (294, 'Hotove', 171.9, 1, '2020-02-13 21:18:09', 40);
INSERT INTO Payment (paymentID, type, total, successful, created, employeeID) VALUES (295, 'Kartou', 197.0, 0, '2017-02-09 04:01:19', 46);
INSERT INTO Payment (paymentID, type, total, successful, created, employeeID) VALUES (296, 'Hotove', 170.3, 1, '2021-01-22 06:25:39', 5);
INSERT INTO Payment (paymentID, type, total, successful, created, employeeID) VALUES (297, 'Kartou', 242.2, 1, '2019-02-27 19:32:47', 40);
INSERT INTO Payment (paymentID, type, total, successful, created, employeeID) VALUES (298, 'Hotove', 145.1, 1, '2020-05-01 01:25:34', 46);
INSERT INTO Payment (paymentID, type, total, successful, created, employeeID) VALUES (299, 'Kartou', 40.2, 1, '2016-05-06 00:49:20', 46);
INSERT INTO Payment (paymentID, type, total, successful, created, employeeID) VALUES (300, 'Kartou', 623.3, 1, '2018-04-14 20:29:41', 45);
SET IDENTITY_INSERT Payment OFF;

SET IDENTITY_INSERT Product ON;
INSERT INTO Product (productID, name, type, count, price, lastCheck) VALUES (1, 'Energy Drink - Franks Original', 0, 188, 245, '2013-06-22 05:12:06');
INSERT INTO Product (productID, name, type, count, price, lastCheck) VALUES (2, 'Bread - Bagels, Plain', 0, 339, 179, '2015-01-11 16:34:29');
INSERT INTO Product (productID, name, type, count, price, lastCheck) VALUES (3, 'Wine - Lamancha Do Crianza', 0, 17, 2, '2016-07-10 01:34:19');
INSERT INTO Product (productID, name, type, count, price, lastCheck) VALUES (4, 'Cocoa Powder - Dutched', 0, 72, 253, '2021-12-29 15:58:24');
INSERT INTO Product (productID, name, type, count, price, lastCheck) VALUES (5, 'Cheese - Sheep Milk', 0, 100, 224, '2020-11-30 03:08:53');
INSERT INTO Product (productID, name, type, count, price, lastCheck) VALUES (6, 'Worcestershire Sauce', 0, 283, 156, '2015-01-24 13:18:10');
INSERT INTO Product (productID, name, type, count, price, lastCheck) VALUES (7, 'Lamb Tenderloin Nz Fr', 0, 168, 226, '2020-12-31 02:09:20');
INSERT INTO Product (productID, name, type, count, price, lastCheck) VALUES (8, 'Parsley - Fresh', 0, 183, 292, '2013-02-12 09:18:11');
INSERT INTO Product (productID, name, type, count, price, lastCheck) VALUES (9, 'Puff Pastry - Sheets', 0, 85, 87, '2015-11-10 04:26:50');
INSERT INTO Product (productID, name, type, count, price, lastCheck) VALUES (10, 'Spice - Greek 1 Step', 0, 211, 116, '2016-02-19 07:42:43');
INSERT INTO Product (productID, name, type, count, price, lastCheck) VALUES (11, 'Cut Wakame - Hanawakaba', 0, 54, 212, null);
INSERT INTO Product (productID, name, type, count, price, lastCheck) VALUES (12, 'Chickhen - Chicken Phyllo', 0, 117, 275, '2020-06-09 10:11:01');
INSERT INTO Product (productID, name, type, count, price, lastCheck) VALUES (13, 'Scallop - St. Jaques', 0, 315, 20, '2019-06-21 23:42:15');
INSERT INTO Product (productID, name, type, count, price, lastCheck) VALUES (14, 'Butter Balls Salted', 0, 282, 141, '2014-05-21 03:28:51');
INSERT INTO Product (productID, name, type, count, price, lastCheck) VALUES (15, 'Stock - Veal, White', 0, 218, 251, '2016-08-23 12:03:11');
INSERT INTO Product (productID, name, type, count, price, lastCheck) VALUES (16, 'Fennel - Seeds', 0, 198, 217, '2022-08-02 08:19:19');
INSERT INTO Product (productID, name, type, count, price, lastCheck) VALUES (17, 'Sambuca - Ramazzotti', 0, 10, 212, '2020-05-08 20:10:06');
INSERT INTO Product (productID, name, type, count, price, lastCheck) VALUES (18, 'Walkers Special Old Whiskey', 0, 347, 192, '2022-10-12 08:14:23');
INSERT INTO Product (productID, name, type, count, price, lastCheck) VALUES (19, 'Lettuce - Escarole', 0, 237, 144, '2018-10-20 17:43:10');
INSERT INTO Product (productID, name, type, count, price, lastCheck) VALUES (20, 'Sugar - Individual Portions', 0, 169, 216, '2015-07-01 22:37:34');
INSERT INTO Product (productID, name, type, count, price, lastCheck) VALUES (21, 'Bar Mix - Lemon', 0, 130, 23, '2014-02-07 15:20:55');
INSERT INTO Product (productID, name, type, count, price, lastCheck) VALUES (22, 'Mountain Dew', 0, 123, 210, '2014-04-19 11:51:20');
INSERT INTO Product (productID, name, type, count, price, lastCheck) VALUES (23, 'Spoon - Soup, Plastic', 0, 311, 143, '2018-06-10 04:53:18');
INSERT INTO Product (productID, name, type, count, price, lastCheck) VALUES (24, 'Cream - 35%', 0, 192, 226, '2014-04-11 00:06:04');
INSERT INTO Product (productID, name, type, count, price, lastCheck) VALUES (25, 'Seedlings - Clamshell', 0, 237, 96, '2015-02-05 02:26:33');
INSERT INTO Product (productID, name, type, count, price, lastCheck) VALUES (26, 'Zucchini - Green', 0, 73, 215, '2019-08-09 18:41:12');
INSERT INTO Product (productID, name, type, count, price, lastCheck) VALUES (27, 'Oxtail - Cut', 0, 127, 214, '2021-07-19 02:13:33');
INSERT INTO Product (productID, name, type, count, price, lastCheck) VALUES (28, 'Chickhen - Chicken Phyllo', 0, 313, 45, '2015-11-01 07:28:53');
INSERT INTO Product (productID, name, type, count, price, lastCheck) VALUES (29, 'Onion Powder', 0, 286, 20, '2015-06-06 01:56:58');
INSERT INTO Product (productID, name, type, count, price, lastCheck) VALUES (30, 'Raisin - Dark', 0, 274, 84, '2018-09-08 20:14:19');
INSERT INTO Product (productID, name, type, count, price, lastCheck) VALUES (31, 'Coffee - Egg Nog Capuccino', 0, 89, 98, '2020-09-24 10:53:00');
INSERT INTO Product (productID, name, type, count, price, lastCheck) VALUES (32, 'Wine - Dubouef Macon - Villages', 0, 152, 175, '2017-03-16 10:30:00');
INSERT INTO Product (productID, name, type, count, price, lastCheck) VALUES (33, 'Pepsi - Diet, 355 Ml', 0, 171, 198, '2016-10-08 02:41:06');
INSERT INTO Product (productID, name, type, count, price, lastCheck) VALUES (34, 'Pork - Sausage, Medium', 0, 151, 210, null);
INSERT INTO Product (productID, name, type, count, price, lastCheck) VALUES (35, 'Beer - Heinekin', 0, 222, 140, '2013-07-06 18:31:43');
INSERT INTO Product (productID, name, type, count, price, lastCheck) VALUES (36, 'Chicken Giblets', 0, 84, 238, '2020-12-12 11:08:57');
INSERT INTO Product (productID, name, type, count, price, lastCheck) VALUES (37, 'Pineapple - Canned, Rings', 0, 360, 148, '2018-11-27 17:00:56');
INSERT INTO Product (productID, name, type, count, price, lastCheck) VALUES (38, 'Chicken Giblets', 0, 166, 77, '2013-07-26 23:42:02');
INSERT INTO Product (productID, name, type, count, price, lastCheck) VALUES (39, 'Pickles - Gherkins', 0, 126, 49, '2017-12-23 22:03:16');
INSERT INTO Product (productID, name, type, count, price, lastCheck) VALUES (40, 'Knife Plastic - White', 0, 267, 95, '2018-05-17 12:58:48');
INSERT INTO Product (productID, name, type, count, price, lastCheck) VALUES (41, 'Tabasco Sauce, 2 Oz', 0, 207, 226, '2016-02-13 19:32:59');
INSERT INTO Product (productID, name, type, count, price, lastCheck) VALUES (42, 'Bagel - Sesame Seed Presliced', 0, 190, 165, '2021-08-23 18:51:39');
INSERT INTO Product (productID, name, type, count, price, lastCheck) VALUES (43, 'Liqueur - Melon', 0, 73, 294, '2021-05-06 07:35:37');
INSERT INTO Product (productID, name, type, count, price, lastCheck) VALUES (44, 'Veal - Knuckle', 0, 118, 44, null);
INSERT INTO Product (productID, name, type, count, price, lastCheck) VALUES (45, 'Nori Sea Weed', 0, 25, 35, '2016-09-21 09:17:03');
INSERT INTO Product (productID, name, type, count, price, lastCheck) VALUES (46, 'Lady Fingers', 0, 151, 187, '2019-01-13 00:44:36');
INSERT INTO Product (productID, name, type, count, price, lastCheck) VALUES (47, 'Veal - Shank, Pieces', 0, 137, 83, '2022-01-26 07:38:35');
INSERT INTO Product (productID, name, type, count, price, lastCheck) VALUES (48, 'Lettuce - Romaine, Heart', 0, 126, 199, '2021-08-24 22:32:05');
INSERT INTO Product (productID, name, type, count, price, lastCheck) VALUES (49, 'Trout - Smoked', 0, 182, 297, '2021-09-18 13:51:02');
INSERT INTO Product (productID, name, type, count, price, lastCheck) VALUES (50, 'Wine - Black Tower Qr', 0, 199, 96, null);
INSERT INTO Product (productID, name, type, count, price, lastCheck) VALUES (51, 'Soup - Campbells Tomato Ravioli', 0, 134, 35, '2015-12-18 05:41:02');
INSERT INTO Product (productID, name, type, count, price, lastCheck) VALUES (52, 'Veal - Ground', 0, 238, 287, '2016-06-01 09:19:40');
INSERT INTO Product (productID, name, type, count, price, lastCheck) VALUES (53, 'Rosemary - Primerba, Paste', 0, 291, 149, '2015-06-13 08:25:05');
INSERT INTO Product (productID, name, type, count, price, lastCheck) VALUES (54, 'Bagel - Ched Chs Presliced', 0, 240, 11, '2021-04-05 17:12:58');
INSERT INTO Product (productID, name, type, count, price, lastCheck) VALUES (55, 'Wine - Tio Pepe Sherry Fino', 0, 92, 196, '2014-09-23 23:45:39');
INSERT INTO Product (productID, name, type, count, price, lastCheck) VALUES (56, 'Bread Base - Goodhearth', 0, 247, 25, '2016-01-30 18:24:15');
INSERT INTO Product (productID, name, type, count, price, lastCheck) VALUES (57, 'Flower - Dish Garden', 0, 325, 155, '2017-12-13 10:13:01');
INSERT INTO Product (productID, name, type, count, price, lastCheck) VALUES (58, 'Chicken - Breast, 5 - 7 Oz', 0, 159, 70, '2016-10-06 03:15:05');
INSERT INTO Product (productID, name, type, count, price, lastCheck) VALUES (59, 'Coffee - Beans, Whole', 0, 198, 151, '2021-04-02 17:43:35');
INSERT INTO Product (productID, name, type, count, price, lastCheck) VALUES (60, 'Sole - Dover, Whole, Fresh', 0, 15, 261, null);
INSERT INTO Product (productID, name, type, count, price, lastCheck) VALUES (61, 'Soup - Tomato Mush. Florentine', 0, 44, 82, '2012-12-27 03:58:33');
INSERT INTO Product (productID, name, type, count, price, lastCheck) VALUES (62, 'Wine - Hardys Bankside Shiraz', 0, 184, 282, '2017-07-12 20:29:09');
INSERT INTO Product (productID, name, type, count, price, lastCheck) VALUES (63, 'Veal - Kidney', 0, 122, 244, '2013-07-11 01:53:15');
INSERT INTO Product (productID, name, type, count, price, lastCheck) VALUES (64, 'Miso - Soy Bean Paste', 0, 126, 134, null);
INSERT INTO Product (productID, name, type, count, price, lastCheck) VALUES (65, 'Soupfoamcont12oz 112con', 0, 304, 136, '2018-05-18 04:17:40');
INSERT INTO Product (productID, name, type, count, price, lastCheck) VALUES (66, 'Coffee - Flavoured', 0, 147, 144, null);
INSERT INTO Product (productID, name, type, count, price, lastCheck) VALUES (67, 'Glove - Cutting', 0, 206, 281, '2016-07-05 09:05:22');
INSERT INTO Product (productID, name, type, count, price, lastCheck) VALUES (68, 'Sauce - Soya, Light', 0, 336, 59, '2021-10-22 22:31:40');
INSERT INTO Product (productID, name, type, count, price, lastCheck) VALUES (69, 'Sobe - Lizard Fuel', 0, 285, 74, '2017-09-10 04:13:56');
INSERT INTO Product (productID, name, type, count, price, lastCheck) VALUES (70, 'Spice - Greek 1 Step', 0, 329, 65, '2021-06-08 05:29:52');
INSERT INTO Product (productID, name, type, count, price, lastCheck) VALUES (71, 'Soup Campbells', 0, 76, 228, '2019-07-20 17:23:31');
INSERT INTO Product (productID, name, type, count, price, lastCheck) VALUES (72, 'Tomatoes', 0, 237, 99, '2020-02-03 20:20:05');
INSERT INTO Product (productID, name, type, count, price, lastCheck) VALUES (73, 'Fondant - Icing', 0, 104, 132, '2019-02-26 09:45:59');
INSERT INTO Product (productID, name, type, count, price, lastCheck) VALUES (74, 'Turnip - White, Organic', 0, 7, 16, null);
INSERT INTO Product (productID, name, type, count, price, lastCheck) VALUES (75, 'Triple Sec - Mcguinness', 0, 235, 55, null);
INSERT INTO Product (productID, name, type, count, price, lastCheck) VALUES (76, 'Bread - Malt', 0, 68, 250, '2015-08-26 09:45:49');
INSERT INTO Product (productID, name, type, count, price, lastCheck) VALUES (77, 'Soup - Chicken And Wild Rice', 0, 272, 106, '2020-08-30 10:32:19');
INSERT INTO Product (productID, name, type, count, price, lastCheck) VALUES (78, 'Beef - Sushi Flat Iron Steak', 0, 308, 72, '2015-10-11 19:17:35');
INSERT INTO Product (productID, name, type, count, price, lastCheck) VALUES (79, 'Cheese - Grana Padano', 0, 100, 265, '2016-04-16 20:33:39');
INSERT INTO Product (productID, name, type, count, price, lastCheck) VALUES (80, 'Flour - Whole Wheat', 0, 40, 181, '2015-11-21 06:01:57');
INSERT INTO Product (productID, name, type, count, price, lastCheck) VALUES (81, 'Puff Pastry - Sheets', 0, 98, 31, '2018-07-13 13:22:21');
INSERT INTO Product (productID, name, type, count, price, lastCheck) VALUES (82, 'Cabbage Roll', 0, 59, 143, null);
INSERT INTO Product (productID, name, type, count, price, lastCheck) VALUES (83, 'Iced Tea Concentrate', 0, 46, 267, '2017-06-27 06:32:31');
INSERT INTO Product (productID, name, type, count, price, lastCheck) VALUES (84, 'Island Oasis - Strawberry', 0, 325, 278, '2020-07-25 23:28:12');
INSERT INTO Product (productID, name, type, count, price, lastCheck) VALUES (85, 'Vodka - Lemon, Absolut', 0, 242, 185, '2022-02-17 13:00:34');
INSERT INTO Product (productID, name, type, count, price, lastCheck) VALUES (86, 'Wasabi Powder', 0, 248, 8, '2015-05-03 03:39:15');
INSERT INTO Product (productID, name, type, count, price, lastCheck) VALUES (87, 'Fond - Chocolate', 0, 232, 202, '2016-01-09 05:11:00');
INSERT INTO Product (productID, name, type, count, price, lastCheck) VALUES (88, 'Pepperoni Slices', 0, 207, 237, '2013-10-11 01:28:17');
INSERT INTO Product (productID, name, type, count, price, lastCheck) VALUES (89, 'Carrots - Mini, Stem On', 0, 36, 120, '2021-03-22 13:22:44');
INSERT INTO Product (productID, name, type, count, price, lastCheck) VALUES (90, 'Mudslide', 0, 194, 164, '2017-10-02 11:12:10');
INSERT INTO Product (productID, name, type, count, price, lastCheck) VALUES (91, 'Squid - U 5', 0, 276, 156, '2018-07-11 22:24:20');
INSERT INTO Product (productID, name, type, count, price, lastCheck) VALUES (92, 'Beef - Diced', 0, 150, 213, null);
INSERT INTO Product (productID, name, type, count, price, lastCheck) VALUES (93, 'Spice - Onion Powder Granulated', 0, 354, 300, '2017-07-30 06:27:25');
INSERT INTO Product (productID, name, type, count, price, lastCheck) VALUES (94, 'Oven Mitt - 13 Inch', 0, 248, 233, null);
INSERT INTO Product (productID, name, type, count, price, lastCheck) VALUES (95, 'Wine - Red, Cabernet Merlot', 0, 20, 127, null);
INSERT INTO Product (productID, name, type, count, price, lastCheck) VALUES (96, 'Veal - Leg, Provimi - 50 Lb Max', 0, 82, 1, null);
INSERT INTO Product (productID, name, type, count, price, lastCheck) VALUES (97, 'Coffee - 10oz Cup 92961', 0, 292, 299, '2018-10-09 04:37:12');
INSERT INTO Product (productID, name, type, count, price, lastCheck) VALUES (98, 'Jolt Cola', 0, 63, 164, '2013-02-19 09:13:32');
INSERT INTO Product (productID, name, type, count, price, lastCheck) VALUES (99, 'Shrimp - 21/25, Peel And Deviened', 0, 100, 240, '2020-12-14 23:25:22');
INSERT INTO Product (productID, name, type, count, price, lastCheck) VALUES (100, 'Sauce Bbq Smokey', 0, 103, 127, '2013-06-09 02:54:06');
INSERT INTO Product (productID, name, type, count, price, lastCheck) VALUES (101, 'Wine - Red, Colio Cabernet', 0, 18, 295, '2016-01-27 22:52:22');
INSERT INTO Product (productID, name, type, count, price, lastCheck) VALUES (102, 'Oil - Avocado', 0, 161, 125, '2021-02-07 05:06:27');
INSERT INTO Product (productID, name, type, count, price, lastCheck) VALUES (103, 'Beer - Upper Canada Lager', 0, 240, 105, '2021-08-08 16:22:40');
INSERT INTO Product (productID, name, type, count, price, lastCheck) VALUES (104, 'Tomatoes - Vine Ripe, Yellow', 0, 11, 187, '2017-08-04 09:55:30');
INSERT INTO Product (productID, name, type, count, price, lastCheck) VALUES (105, 'Bagel - Plain', 0, 315, 161, '2020-03-29 13:03:26');
INSERT INTO Product (productID, name, type, count, price, lastCheck) VALUES (106, 'Beets - Mini Golden', 0, 374, 97, '2021-08-13 23:48:26');
INSERT INTO Product (productID, name, type, count, price, lastCheck) VALUES (107, 'Eggplant - Regular', 0, 287, 126, '2022-07-23 06:21:18');
INSERT INTO Product (productID, name, type, count, price, lastCheck) VALUES (108, 'Pastry - Plain Baked Croissant', 0, 297, 91, '2021-04-09 01:59:47');
INSERT INTO Product (productID, name, type, count, price, lastCheck) VALUES (109, 'Sprouts - Onion', 0, 325, 32, '2015-03-25 00:58:48');
INSERT INTO Product (productID, name, type, count, price, lastCheck) VALUES (110, 'Longos - Grilled Veg Sandwiches', 0, 70, 216, null);
INSERT INTO Product (productID, name, type, count, price, lastCheck) VALUES (111, 'Table Cloth 54x54 White', 0, 189, 208, '2015-02-27 22:01:38');
INSERT INTO Product (productID, name, type, count, price, lastCheck) VALUES (112, 'Wine - White, Riesling, Henry Of', 0, 96, 222, '2015-03-04 13:08:28');
INSERT INTO Product (productID, name, type, count, price, lastCheck) VALUES (113, 'Lettuce - Mini Greens, Whole', 0, 261, 24, '2021-05-30 14:11:08');
INSERT INTO Product (productID, name, type, count, price, lastCheck) VALUES (114, 'Juice - Tomato, 10 Oz', 0, 340, 99, '2019-04-01 17:25:08');
INSERT INTO Product (productID, name, type, count, price, lastCheck) VALUES (115, 'Puff Pastry - Slab', 0, 57, 271, '2018-08-28 17:40:34');
INSERT INTO Product (productID, name, type, count, price, lastCheck) VALUES (116, 'Tandoori Curry Paste', 0, 144, 275, '2020-07-22 19:15:10');
INSERT INTO Product (productID, name, type, count, price, lastCheck) VALUES (117, 'Coriander - Seed', 0, 123, 61, '2013-12-14 03:17:00');
INSERT INTO Product (productID, name, type, count, price, lastCheck) VALUES (118, 'Milk - Chocolate 250 Ml', 0, 282, 8, '2022-10-17 04:36:46');
INSERT INTO Product (productID, name, type, count, price, lastCheck) VALUES (119, 'Cheese - Bakers Cream Cheese', 0, 154, 204, '2022-01-09 19:40:06');
INSERT INTO Product (productID, name, type, count, price, lastCheck) VALUES (120, 'Anisette - Mcguiness', 0, 56, 261, '2021-10-28 23:06:11');
INSERT INTO Product (productID, name, type, count, price, lastCheck) VALUES (121, 'Wine - Hardys Bankside Shiraz', 0, 232, 142, '2019-06-08 12:58:16');
INSERT INTO Product (productID, name, type, count, price, lastCheck) VALUES (122, 'Table Cloth 62x120 White', 0, 353, 81, '2016-07-02 16:00:51');
INSERT INTO Product (productID, name, type, count, price, lastCheck) VALUES (123, 'Chilli Paste, Ginger Garlic', 0, 219, 255, '2018-09-28 05:23:17');
INSERT INTO Product (productID, name, type, count, price, lastCheck) VALUES (124, 'Arctic Char - Fillets', 0, 97, 202, '2021-11-06 12:49:04');
INSERT INTO Product (productID, name, type, count, price, lastCheck) VALUES (125, 'Wine - Stoneliegh Sauvignon', 0, 270, 268, '2017-10-19 19:43:28');
INSERT INTO Product (productID, name, type, count, price, lastCheck) VALUES (126, 'Tuna - Fresh', 0, 3, 88, '2021-04-09 04:19:10');
INSERT INTO Product (productID, name, type, count, price, lastCheck) VALUES (127, 'Pizza Pizza Dough', 0, 263, 51, '2013-01-09 09:19:35');
INSERT INTO Product (productID, name, type, count, price, lastCheck) VALUES (128, 'Juice - V8 Splash', 0, 101, 123, '2015-11-12 14:10:39');
INSERT INTO Product (productID, name, type, count, price, lastCheck) VALUES (129, 'Mix - Cocktail Ice Cream', 0, 296, 176, null);
INSERT INTO Product (productID, name, type, count, price, lastCheck) VALUES (130, 'Wine - Periguita Fonseca', 0, 228, 226, '2017-11-20 15:07:41');
INSERT INTO Product (productID, name, type, count, price, lastCheck) VALUES (131, 'Wine - Cotes Du Rhone', 0, 37, 19, '2019-12-17 12:27:45');
INSERT INTO Product (productID, name, type, count, price, lastCheck) VALUES (132, 'Orange - Canned, Mandarin', 0, 85, 91, '2021-05-15 08:17:22');
INSERT INTO Product (productID, name, type, count, price, lastCheck) VALUES (133, 'Quail - Whole, Bone - In', 0, 270, 228, '2017-03-30 17:30:26');
INSERT INTO Product (productID, name, type, count, price, lastCheck) VALUES (134, 'Juice - Orange', 0, 86, 230, '2014-10-11 02:22:05');
INSERT INTO Product (productID, name, type, count, price, lastCheck) VALUES (135, 'Pickerel - Fillets', 0, 185, 42, '2019-01-12 05:00:18');
INSERT INTO Product (productID, name, type, count, price, lastCheck) VALUES (136, 'Jolt Cola - Electric Blue', 0, 183, 147, '2016-03-08 15:51:05');
INSERT INTO Product (productID, name, type, count, price, lastCheck) VALUES (137, 'Strawberries - California', 0, 217, 287, null);
INSERT INTO Product (productID, name, type, count, price, lastCheck) VALUES (138, 'Turkey - Oven Roast Breast', 0, 322, 242, null);
INSERT INTO Product (productID, name, type, count, price, lastCheck) VALUES (139, 'Tomatoes Tear Drop Yellow', 0, 59, 70, '2022-01-27 11:20:14');
INSERT INTO Product (productID, name, type, count, price, lastCheck) VALUES (140, 'Table Cloth 62x120 White', 0, 344, 106, '2015-02-01 16:42:15');
INSERT INTO Product (productID, name, type, count, price, lastCheck) VALUES (141, 'Salt - Table', 0, 209, 267, '2020-04-20 04:48:41');
INSERT INTO Product (productID, name, type, count, price, lastCheck) VALUES (142, 'Juice - Orange', 0, 95, 59, '2012-12-09 12:55:26');
INSERT INTO Product (productID, name, type, count, price, lastCheck) VALUES (143, 'Onions - Green', 0, 318, 20, null);
INSERT INTO Product (productID, name, type, count, price, lastCheck) VALUES (144, 'Wine - Rosso Del Veronese Igt', 0, 182, 274, '2013-03-07 21:41:06');
INSERT INTO Product (productID, name, type, count, price, lastCheck) VALUES (145, 'Pork - Loin, Bone - In', 0, 294, 263, '2014-07-03 12:09:26');
INSERT INTO Product (productID, name, type, count, price, lastCheck) VALUES (146, 'Chicken - Whole', 0, 228, 94, '2017-02-28 21:25:58');
INSERT INTO Product (productID, name, type, count, price, lastCheck) VALUES (147, 'Syrup - Monin, Swiss Choclate', 0, 102, 176, '2015-04-15 17:44:29');
INSERT INTO Product (productID, name, type, count, price, lastCheck) VALUES (148, 'Chips - Miss Vickies', 0, 253, 147, '2016-08-25 09:53:48');
INSERT INTO Product (productID, name, type, count, price, lastCheck) VALUES (149, 'Sausage - Meat', 0, 18, 141, '2012-12-21 05:32:22');
INSERT INTO Product (productID, name, type, count, price, lastCheck) VALUES (150, 'Cheese - Gouda', 0, 52, 152, '2016-04-26 21:14:11');
SET IDENTITY_INSERT Product OFF;

SET IDENTITY_INSERT "Table" ON;
INSERT INTO "Table" (tableID, reserved, occupied) VALUES (1, null, 1);
INSERT INTO "Table" (tableID, reserved, occupied) VALUES (2, null, null);
INSERT INTO "Table" (tableID, reserved, occupied) VALUES (3, null, null);
INSERT INTO "Table" (tableID, reserved, occupied) VALUES (4, null, 1);
INSERT INTO "Table" (tableID, reserved, occupied) VALUES (5, null, null);
INSERT INTO "Table" (tableID, reserved, occupied) VALUES (6, null, 1);
INSERT INTO "Table" (tableID, reserved, occupied) VALUES (7, 1, null);
INSERT INTO "Table" (tableID, reserved, occupied) VALUES (8, null, 1);
INSERT INTO "Table" (tableID, reserved, occupied) VALUES (9, null, null);
INSERT INTO "Table" (tableID, reserved, occupied) VALUES (10, null, null);
INSERT INTO "Table" (tableID, reserved, occupied) VALUES (11, null, 1);
INSERT INTO "Table" (tableID, reserved, occupied) VALUES (12, null, null);
INSERT INTO "Table" (tableID, reserved, occupied) VALUES (13, null, null);
INSERT INTO "Table" (tableID, reserved, occupied) VALUES (14, null, 1);
INSERT INTO "Table" (tableID, reserved, occupied) VALUES (15, 1, null);
INSERT INTO "Table" (tableID, reserved, occupied) VALUES (16, null, null);
INSERT INTO "Table" (tableID, reserved, occupied) VALUES (17, null, 1);
INSERT INTO "Table" (tableID, reserved, occupied) VALUES (18, null, null);
INSERT INTO "Table" (tableID, reserved, occupied) VALUES (19, 1, null);
INSERT INTO "Table" (tableID, reserved, occupied) VALUES (20, null, null);
SET IDENTITY_INSERT "Table" OFF;

SET IDENTITY_INSERT Reservation ON;
INSERT INTO Reservation (reservationID, start, [end], peopleCount, created, canceled, description, customerID, tableID) VALUES (1, '2016-02-02 05:28:50', '2016-02-02 05:55:50', 5, '2021-02-13 21:52:57', 0, null, null, 6);
INSERT INTO Reservation (reservationID, start, [end], peopleCount, created, canceled, description, customerID, tableID) VALUES (2, '2019-11-14 13:18:54', '2019-11-14 14:04:54', 4, '2014-06-21 17:41:14', 0, null, null, 15);
INSERT INTO Reservation (reservationID, start, [end], peopleCount, created, canceled, description, customerID, tableID) VALUES (3, '2019-04-17 20:59:26', '2019-04-17 21:05:26', 5, '2015-04-21 19:06:49', 0, null, null, 8);
INSERT INTO Reservation (reservationID, start, [end], peopleCount, created, canceled, description, customerID, tableID) VALUES (4, '2015-03-25 06:20:49', null, 6, '2014-05-06 21:29:57', 0, 'Suspendisse potenti. Cras in purus eu magna vulputate luctus. Cum sociis natoque penatibus et magnis dis parturient montes, nascetur ridiculus mus. Vivamus vestibulum sagittis sapien. Cum sociis natoque penatibus et magnis dis parturient montes, nascetur ridiculus mus. Etiam vel augue. Vestibulum rutrum rutrum neque. Aenean auctor gravida sem. Praesent id massa id nisl venenatis lacinia.', 83, 1);
INSERT INTO Reservation (reservationID, start, [end], peopleCount, created, canceled, description, customerID, tableID) VALUES (5, '2017-05-29 05:50:16', '2017-05-29 06:39:16', 6, '2013-09-11 16:58:17', 0, 'Suspendisse potenti. Nullam porttitor lacus at turpis. Donec posuere metus vitae ipsum. Aliquam non mauris.', 186, 11);
INSERT INTO Reservation (reservationID, start, [end], peopleCount, created, canceled, description, customerID, tableID) VALUES (6, '2016-10-25 13:27:30', null, 6, '2013-11-16 11:29:22', 1, 'Integer ac leo. Pellentesque ultrices mattis odio.', 90, 13);
INSERT INTO Reservation (reservationID, start, [end], peopleCount, created, canceled, description, customerID, tableID) VALUES (7, '2015-03-05 14:30:09', null, 5, '2016-03-27 21:03:47', 0, null, null, 8);
INSERT INTO Reservation (reservationID, start, [end], peopleCount, created, canceled, description, customerID, tableID) VALUES (8, '2013-08-14 23:58:25', '2013-08-15 00:30:25', 3, '2015-03-05 16:35:29', 0, 'Morbi a ipsum. Integer a nibh. In quis justo. Maecenas rhoncus aliquam lacus. Morbi quis tortor id nulla ultrices aliquet. Maecenas leo odio, condimentum id, luctus nec, molestie sed, justo. Pellentesque viverra pede ac diam. Cras pellentesque volutpat dui. Maecenas tristique, est et tempus semper, est quam pharetra magna, ac consequat metus sapien ut nunc.', 17, 4);
INSERT INTO Reservation (reservationID, start, [end], peopleCount, created, canceled, description, customerID, tableID) VALUES (9, '2021-06-20 19:05:49', '2021-06-20 19:54:49', 5, '2014-02-17 16:06:02', 1, null, null, 12);
INSERT INTO Reservation (reservationID, start, [end], peopleCount, created, canceled, description, customerID, tableID) VALUES (10, '2016-02-26 13:04:29', '2016-02-26 13:34:29', 4, '2017-07-20 15:24:51', 0, null, null, 15);
INSERT INTO Reservation (reservationID, start, [end], peopleCount, created, canceled, description, customerID, tableID) VALUES (11, '2020-02-01 19:27:36', '2020-02-01 20:45:36', 4, '2017-02-14 06:13:03', 0, 'Etiam pretium iaculis justo. In hac habitasse platea dictumst.', 70, 9);
INSERT INTO Reservation (reservationID, start, [end], peopleCount, created, canceled, description, customerID, tableID) VALUES (12, '2016-01-27 19:32:36', '2016-01-27 20:25:36', 5, '2020-08-26 08:50:32', 0, null, null, 3);
INSERT INTO Reservation (reservationID, start, [end], peopleCount, created, canceled, description, customerID, tableID) VALUES (13, '2018-01-06 12:39:35', '2018-01-06 14:35:35', 3, '2019-01-03 02:33:22', 0, null, null, 6);
INSERT INTO Reservation (reservationID, start, [end], peopleCount, created, canceled, description, customerID, tableID) VALUES (14, '2019-04-04 12:07:09', '2019-04-04 12:22:09', 6, '2020-01-12 20:04:54', 1, null, null, 12);
INSERT INTO Reservation (reservationID, start, [end], peopleCount, created, canceled, description, customerID, tableID) VALUES (15, '2017-05-28 04:40:57', null, 8, '2019-01-11 22:22:13', 0, null, null, 11);
INSERT INTO Reservation (reservationID, start, [end], peopleCount, created, canceled, description, customerID, tableID) VALUES (16, '2019-10-03 15:59:37', '2019-10-03 16:04:37', 3, '2021-08-24 03:18:47', 0, null, null, 2);
INSERT INTO Reservation (reservationID, start, [end], peopleCount, created, canceled, description, customerID, tableID) VALUES (17, '2017-03-29 00:35:46', null, 5, '2015-10-14 17:16:37', 1, 'Vivamus in felis eu sapien cursus vestibulum. Proin eu mi. Nulla ac enim. In tempor, turpis nec euismod scelerisque, quam turpis adipiscing lorem, vitae mattis nibh ligula nec sem. Duis aliquam convallis nunc. Proin at turpis a pede posuere nonummy. Integer non velit. Donec diam neque, vestibulum eget, vulputate ut, ultrices vel, augue.', 8, 10);
INSERT INTO Reservation (reservationID, start, [end], peopleCount, created, canceled, description, customerID, tableID) VALUES (18, '2017-03-29 10:53:29', '2017-03-29 11:38:29', 5, '2017-11-21 21:13:40', 0, 'Vestibulum ante ipsum primis in faucibus orci luctus et ultrices posuere cubilia Curae; Mauris viverra diam vitae quam.', 140, 11);
INSERT INTO Reservation (reservationID, start, [end], peopleCount, created, canceled, description, customerID, tableID) VALUES (19, '2021-06-14 23:42:09', '2021-06-15 00:10:09', 7, '2014-12-04 18:47:49', 0, null, null, 4);
INSERT INTO Reservation (reservationID, start, [end], peopleCount, created, canceled, description, customerID, tableID) VALUES (20, '2020-05-07 14:50:58', '2020-05-07 14:58:58', 6, '2021-02-03 09:33:47', 0, null, null, 9);
INSERT INTO Reservation (reservationID, start, [end], peopleCount, created, canceled, description, customerID, tableID) VALUES (21, '2021-08-21 04:51:38', '2021-08-21 06:09:38', 8, '2014-10-13 05:51:00', 1, null, null, 7);
INSERT INTO Reservation (reservationID, start, [end], peopleCount, created, canceled, description, customerID, tableID) VALUES (22, '2021-01-11 03:15:51', null, 5, '2013-10-16 11:49:12', 1, null, null, 15);
INSERT INTO Reservation (reservationID, start, [end], peopleCount, created, canceled, description, customerID, tableID) VALUES (23, '2016-12-25 13:26:53', null, 4, '2015-06-13 10:51:34', 0, null, null, 8);
INSERT INTO Reservation (reservationID, start, [end], peopleCount, created, canceled, description, customerID, tableID) VALUES (24, '2014-02-01 09:31:12', '2014-02-01 10:40:12', 3, '2014-10-02 04:09:19', 0, null, null, 2);
INSERT INTO Reservation (reservationID, start, [end], peopleCount, created, canceled, description, customerID, tableID) VALUES (25, '2016-04-01 20:02:02', '2016-04-01 20:55:02', 4, '2021-10-07 05:50:49', 0, 'Vestibulum ac est lacinia nisi venenatis tristique. Fusce congue, diam id ornare imperdiet, sapien urna pretium nisl, ut volutpat sapien arcu sed augue. Aliquam erat volutpat. In congue. Etiam justo. Etiam pretium iaculis justo. In hac habitasse platea dictumst. Etiam faucibus cursus urna. Ut tellus.', 8, 11);
INSERT INTO Reservation (reservationID, start, [end], peopleCount, created, canceled, description, customerID, tableID) VALUES (26, '2014-09-16 13:02:31', '2014-09-16 14:21:31', 8, '2020-01-30 16:31:41', 0, null, null, 15);
INSERT INTO Reservation (reservationID, start, [end], peopleCount, created, canceled, description, customerID, tableID) VALUES (27, '2014-05-29 12:55:06', null, 6, '2018-09-18 04:21:19', 0, null, null, 11);
INSERT INTO Reservation (reservationID, start, [end], peopleCount, created, canceled, description, customerID, tableID) VALUES (28, '2020-05-11 13:21:25', null, 6, '2013-11-15 12:24:15', 0, null, null, 11);
INSERT INTO Reservation (reservationID, start, [end], peopleCount, created, canceled, description, customerID, tableID) VALUES (29, '2018-07-25 23:20:31', '2018-07-26 00:16:31', 8, '2013-06-08 09:19:56', 0, null, null, 12);
INSERT INTO Reservation (reservationID, start, [end], peopleCount, created, canceled, description, customerID, tableID) VALUES (30, '2013-03-22 16:18:59', '2013-03-22 17:31:59', 7, '2017-11-26 09:19:29', 0, null, null, 5);
INSERT INTO Reservation (reservationID, start, [end], peopleCount, created, canceled, description, customerID, tableID) VALUES (31, '2019-01-27 12:44:10', null, 7, '2016-10-08 15:48:23', 0, null, null, 11);
INSERT INTO Reservation (reservationID, start, [end], peopleCount, created, canceled, description, customerID, tableID) VALUES (32, '2021-07-13 15:00:09', '2021-07-13 15:50:09', 6, '2017-08-11 12:22:39', 1, null, null, 12);
INSERT INTO Reservation (reservationID, start, [end], peopleCount, created, canceled, description, customerID, tableID) VALUES (33, '2021-10-08 09:43:54', '2021-10-08 11:08:54', 7, '2019-10-05 08:07:01', 0, null, null, 7);
INSERT INTO Reservation (reservationID, start, [end], peopleCount, created, canceled, description, customerID, tableID) VALUES (34, '2013-08-07 19:00:22', '2013-08-07 20:48:22', 7, '2018-01-11 18:37:42', 0, null, null, 11);
INSERT INTO Reservation (reservationID, start, [end], peopleCount, created, canceled, description, customerID, tableID) VALUES (35, '2013-05-11 05:15:21', '2013-05-11 06:05:21', 3, '2015-07-18 07:48:19', 0, 'Ut at dolor quis odio consequat varius. Integer ac leo. Pellentesque ultrices mattis odio.', 34, 10);
INSERT INTO Reservation (reservationID, start, [end], peopleCount, created, canceled, description, customerID, tableID) VALUES (36, '2019-09-18 08:00:44', null, 6, '2014-03-28 22:58:48', 0, 'Quisque arcu libero, rutrum ac, lobortis vel, dapibus at, diam. Nam tristique tortor eu pede.', 38, 11);
INSERT INTO Reservation (reservationID, start, [end], peopleCount, created, canceled, description, customerID, tableID) VALUES (37, '2017-05-01 01:48:54', null, 8, '2015-05-31 10:56:01', 1, null, null, 11);
INSERT INTO Reservation (reservationID, start, [end], peopleCount, created, canceled, description, customerID, tableID) VALUES (38, '2019-05-23 10:08:09', '2019-05-23 11:44:09', 4, '2016-09-15 17:37:12', 0, 'In sagittis dui vel nisl. Duis ac nibh. Fusce lacus purus, aliquet at, feugiat non, pretium quis, lectus. Suspendisse potenti. In eleifend quam a odio. In hac habitasse platea dictumst. Maecenas ut massa quis augue luctus tincidunt. Nulla mollis molestie lorem. Quisque ut erat.', 167, 3);
INSERT INTO Reservation (reservationID, start, [end], peopleCount, created, canceled, description, customerID, tableID) VALUES (39, '2021-10-21 22:09:46', '2021-10-21 22:50:46', 7, '2021-09-10 20:57:12', 0, null, null, 6);
INSERT INTO Reservation (reservationID, start, [end], peopleCount, created, canceled, description, customerID, tableID) VALUES (40, '2016-05-26 09:19:42', null, 3, '2020-11-22 00:24:12', 0, null, null, 2);
INSERT INTO Reservation (reservationID, start, [end], peopleCount, created, canceled, description, customerID, tableID) VALUES (41, '2017-10-12 23:32:35', '2017-10-13 00:26:35', 5, '2020-07-04 01:34:37', 0, null, null, 12);
INSERT INTO Reservation (reservationID, start, [end], peopleCount, created, canceled, description, customerID, tableID) VALUES (42, '2016-05-07 02:56:43', null, 3, '2016-07-05 19:13:48', 0, null, null, 6);
INSERT INTO Reservation (reservationID, start, [end], peopleCount, created, canceled, description, customerID, tableID) VALUES (43, '2015-08-17 10:44:56', '2015-08-17 12:20:56', 8, '2021-08-05 17:45:02', 0, null, null, 15);
INSERT INTO Reservation (reservationID, start, [end], peopleCount, created, canceled, description, customerID, tableID) VALUES (44, '2017-11-07 16:45:52', '2017-11-07 17:53:52', 4, '2021-02-12 21:13:25', 0, 'Morbi odio odio, elementum eu, interdum eu, tincidunt in, leo. Maecenas pulvinar lobortis est. Phasellus sit amet erat.', 154, 13);
INSERT INTO Reservation (reservationID, start, [end], peopleCount, created, canceled, description, customerID, tableID) VALUES (45, '2017-05-26 22:51:03', null, 5, '2015-07-26 04:27:00', 1, null, null, 2);
INSERT INTO Reservation (reservationID, start, [end], peopleCount, created, canceled, description, customerID, tableID) VALUES (46, '2018-03-08 08:48:24', '2018-03-08 09:27:24', 6, '2013-10-03 20:00:50', 0, 'Mauris lacinia sapien quis libero. Nullam sit amet turpis elementum ligula vehicula consequat. Morbi a ipsum. Integer a nibh. In quis justo. Maecenas rhoncus aliquam lacus. Morbi quis tortor id nulla ultrices aliquet.', 169, 4);
INSERT INTO Reservation (reservationID, start, [end], peopleCount, created, canceled, description, customerID, tableID) VALUES (47, '2020-08-29 20:34:52', '2020-08-29 21:05:52', 3, '2020-01-02 19:59:31', 0, null, null, 15);
INSERT INTO Reservation (reservationID, start, [end], peopleCount, created, canceled, description, customerID, tableID) VALUES (48, '2017-06-04 13:04:18', '2017-06-04 13:59:18', 4, '2014-12-27 01:01:23', 1, 'Vivamus in felis eu sapien cursus vestibulum. Proin eu mi. Nulla ac enim. In tempor, turpis nec euismod scelerisque, quam turpis adipiscing lorem, vitae mattis nibh ligula nec sem. Duis aliquam convallis nunc. Proin at turpis a pede posuere nonummy. Integer non velit. Donec diam neque, vestibulum eget, vulputate ut, ultrices vel, augue. Vestibulum ante ipsum primis in faucibus orci luctus et ultrices posuere cubilia Curae.', 2, 6);
INSERT INTO Reservation (reservationID, start, [end], peopleCount, created, canceled, description, customerID, tableID) VALUES (49, '2014-10-07 09:51:27', '2014-10-07 11:03:27', 7, '2014-06-07 23:06:20', 0, null, null, 13);
INSERT INTO Reservation (reservationID, start, [end], peopleCount, created, canceled, description, customerID, tableID) VALUES (50, '2014-04-12 22:42:16', '2014-04-13 00:31:16', 5, '2014-03-08 07:31:17', 0, null, null, 15);
INSERT INTO Reservation (reservationID, start, [end], peopleCount, created, canceled, description, customerID, tableID) VALUES (51, '2020-11-25 05:10:31', '2020-11-25 05:36:31', 7, '2019-10-19 11:44:22', 0, null, null, 4);
INSERT INTO Reservation (reservationID, start, [end], peopleCount, created, canceled, description, customerID, tableID) VALUES (52, '2013-10-14 12:57:38', null, 7, '2013-12-10 09:55:41', 1, null, null, 12);
INSERT INTO Reservation (reservationID, start, [end], peopleCount, created, canceled, description, customerID, tableID) VALUES (53, '2019-10-13 09:16:05', '2019-10-13 09:52:05', 5, '2017-06-03 19:03:40', 0, null, null, 9);
INSERT INTO Reservation (reservationID, start, [end], peopleCount, created, canceled, description, customerID, tableID) VALUES (54, '2015-03-28 06:07:58', '2015-03-28 06:40:58', 6, '2014-10-11 02:00:17', 0, 'Nunc rhoncus dui vel sem. Sed sagittis. Nam congue, risus semper porta volutpat, quam pede lobortis ligula, sit amet eleifend pede libero quis orci. Nullam molestie nibh in lectus. Pellentesque at nulla. Suspendisse potenti. Cras in purus eu magna vulputate luctus. Cum sociis natoque penatibus et magnis dis parturient montes, nascetur ridiculus mus. Vivamus vestibulum sagittis sapien.', 48, 8);
INSERT INTO Reservation (reservationID, start, [end], peopleCount, created, canceled, description, customerID, tableID) VALUES (55, '2016-10-04 13:56:12', null, 3, '2013-02-12 07:54:26', 0, null, null, 11);
INSERT INTO Reservation (reservationID, start, [end], peopleCount, created, canceled, description, customerID, tableID) VALUES (56, '2017-08-22 19:44:27', '2017-08-22 20:39:27', 7, '2017-03-03 14:35:49', 0, null, null, 1);
INSERT INTO Reservation (reservationID, start, [end], peopleCount, created, canceled, description, customerID, tableID) VALUES (57, '2020-07-03 03:30:04', null, 5, '2018-05-03 04:57:41', 1, 'Cum sociis natoque penatibus et magnis dis parturient montes, nascetur ridiculus mus.', 167, 10);
INSERT INTO Reservation (reservationID, start, [end], peopleCount, created, canceled, description, customerID, tableID) VALUES (58, '2018-04-05 10:53:44', null, 3, '2019-11-26 11:01:32', 0, null, null, 1);
INSERT INTO Reservation (reservationID, start, [end], peopleCount, created, canceled, description, customerID, tableID) VALUES (59, '2015-07-27 10:06:40', '2015-07-27 10:49:40', 8, '2015-01-14 22:49:18', 0, null, null, 9);
INSERT INTO Reservation (reservationID, start, [end], peopleCount, created, canceled, description, customerID, tableID) VALUES (60, '2019-01-07 20:53:20', null, 6, '2013-03-18 12:58:58', 0, 'In hac habitasse platea dictumst.', 88, 4);
INSERT INTO Reservation (reservationID, start, [end], peopleCount, created, canceled, description, customerID, tableID) VALUES (61, '2021-01-08 12:44:04', '2021-01-08 13:16:04', 8, '2021-10-29 08:23:10', 0, null, null, 13);
INSERT INTO Reservation (reservationID, start, [end], peopleCount, created, canceled, description, customerID, tableID) VALUES (62, '2015-05-12 12:42:47', null, 4, '2015-09-18 11:01:40', 0, null, null, 7);
INSERT INTO Reservation (reservationID, start, [end], peopleCount, created, canceled, description, customerID, tableID) VALUES (63, '2016-03-05 18:11:45', null, 5, '2021-09-29 02:15:51', 0, null, null, 5);
INSERT INTO Reservation (reservationID, start, [end], peopleCount, created, canceled, description, customerID, tableID) VALUES (64, '2019-03-20 06:17:03', '2019-03-20 07:31:03', 8, '2020-03-08 18:18:33', 0, 'Vestibulum ante ipsum primis in faucibus orci luctus et ultrices posuere cubilia Curae; Nulla dapibus dolor vel est. Donec odio justo, sollicitudin ut, suscipit a, feugiat et, eros. Vestibulum ac est lacinia nisi venenatis tristique. Fusce congue, diam id ornare imperdiet, sapien urna pretium nisl, ut volutpat sapien arcu sed augue. Aliquam erat volutpat.', 52, 7);
INSERT INTO Reservation (reservationID, start, [end], peopleCount, created, canceled, description, customerID, tableID) VALUES (65, '2015-06-18 08:53:25', '2015-06-18 10:40:25', 4, '2014-12-10 11:56:35', 0, 'Cras pellentesque volutpat dui. Maecenas tristique, est et tempus semper, est quam pharetra magna, ac consequat metus sapien ut nunc.', 107, 13);
INSERT INTO Reservation (reservationID, start, [end], peopleCount, created, canceled, description, customerID, tableID) VALUES (66, '2020-06-01 00:45:04', '2020-06-01 01:28:04', 3, '2013-03-17 00:08:16', 0, null, null, 13);
INSERT INTO Reservation (reservationID, start, [end], peopleCount, created, canceled, description, customerID, tableID) VALUES (67, '2013-08-17 06:52:42', '2013-08-17 08:45:42', 6, '2017-07-30 04:10:37', 0, null, null, 9);
INSERT INTO Reservation (reservationID, start, [end], peopleCount, created, canceled, description, customerID, tableID) VALUES (68, '2013-12-01 00:40:55', null, 7, '2018-06-27 09:39:13', 0, null, null, 3);
INSERT INTO Reservation (reservationID, start, [end], peopleCount, created, canceled, description, customerID, tableID) VALUES (69, '2020-09-30 14:48:19', null, 5, '2019-02-25 10:10:05', 0, null, null, 10);
INSERT INTO Reservation (reservationID, start, [end], peopleCount, created, canceled, description, customerID, tableID) VALUES (70, '2014-04-09 20:13:23', '2014-04-09 21:42:23', 3, '2016-12-10 06:19:13', 0, null, null, 3);
INSERT INTO Reservation (reservationID, start, [end], peopleCount, created, canceled, description, customerID, tableID) VALUES (71, '2014-08-09 21:41:25', '2014-08-09 22:55:25', 6, '2020-10-17 08:19:43', 1, 'Morbi odio odio, elementum eu, interdum eu, tincidunt in, leo. Maecenas pulvinar lobortis est. Phasellus sit amet erat. Nulla tempus. Vivamus in felis eu sapien cursus vestibulum. Proin eu mi. Nulla ac enim. In tempor, turpis nec euismod scelerisque, quam turpis adipiscing lorem, vitae mattis nibh ligula nec sem. Duis aliquam convallis nunc.', 169, 3);
INSERT INTO Reservation (reservationID, start, [end], peopleCount, created, canceled, description, customerID, tableID) VALUES (72, '2019-03-30 23:00:29', '2019-03-31 00:14:29', 4, '2015-05-29 07:59:31', 0, 'Integer pede justo, lacinia eget, tincidunt eget, tempus vel, pede. Morbi porttitor lorem id ligula. Suspendisse ornare consequat lectus.', 13, 10);
INSERT INTO Reservation (reservationID, start, [end], peopleCount, created, canceled, description, customerID, tableID) VALUES (73, '2014-08-10 07:00:21', '2014-08-10 08:12:21', 3, '2016-08-26 07:36:38', 0, null, null, 14);
INSERT INTO Reservation (reservationID, start, [end], peopleCount, created, canceled, description, customerID, tableID) VALUES (74, '2016-11-01 21:31:23', '2016-11-01 22:38:23', 6, '2016-05-05 19:44:43', 0, null, null, 2);
INSERT INTO Reservation (reservationID, start, [end], peopleCount, created, canceled, description, customerID, tableID) VALUES (75, '2014-07-09 05:46:30', '2014-07-09 06:34:30', 6, '2015-07-02 07:23:10', 1, null, null, 14);
SET IDENTITY_INSERT Reservation OFF;

SET IDENTITY_INSERT "Order" ON;
INSERT INTO "Order" (orderID, created, employeeID, paymentID) VALUES (1, '2021-10-18 13:59:58', 41, 83);
INSERT INTO "Order" (orderID, created, employeeID, paymentID) VALUES (2, '2022-10-16 22:12:24', null, 295);
INSERT INTO "Order" (orderID, created, employeeID, paymentID) VALUES (3, '2021-05-21 12:35:35', 20, 205);
INSERT INTO "Order" (orderID, created, employeeID, paymentID) VALUES (4, '2021-12-02 09:37:36', 17, 126);
INSERT INTO "Order" (orderID, created, employeeID, paymentID) VALUES (5, '2022-04-19 10:45:37', 21, 166);
INSERT INTO "Order" (orderID, created, employeeID, paymentID) VALUES (6, '2020-11-11 09:04:04', 29, 157);
INSERT INTO "Order" (orderID, created, employeeID, paymentID) VALUES (7, '2022-10-17 07:28:22', 42, 285);
INSERT INTO "Order" (orderID, created, employeeID, paymentID) VALUES (8, '2021-01-27 20:43:30', 7, 42);
INSERT INTO "Order" (orderID, created, employeeID, paymentID) VALUES (9, '2019-11-17 21:06:10', 10, 15);
INSERT INTO "Order" (orderID, created, employeeID, paymentID) VALUES (10, '2021-11-09 09:15:52', 8, 246);
INSERT INTO "Order" (orderID, created, employeeID, paymentID) VALUES (11, '2019-02-18 20:28:15', 50, 249);
INSERT INTO "Order" (orderID, created, employeeID, paymentID) VALUES (12, '2022-11-19 14:03:59', 29, 2);
INSERT INTO "Order" (orderID, created, employeeID, paymentID) VALUES (13, '2021-05-19 04:44:29', null, 67);
INSERT INTO "Order" (orderID, created, employeeID, paymentID) VALUES (14, '2019-03-16 03:17:05', 37, 173);
INSERT INTO "Order" (orderID, created, employeeID, paymentID) VALUES (15, '2021-02-17 13:17:54', 14, 296);
INSERT INTO "Order" (orderID, created, employeeID, paymentID) VALUES (16, '2021-02-25 05:11:10', 46, 294);
INSERT INTO "Order" (orderID, created, employeeID, paymentID) VALUES (17, '2019-07-20 00:27:31', 9, 227);
INSERT INTO "Order" (orderID, created, employeeID, paymentID) VALUES (18, '2021-08-04 11:21:25', 46, 188);
INSERT INTO "Order" (orderID, created, employeeID, paymentID) VALUES (19, '2019-11-22 10:04:07', 27, 96);
INSERT INTO "Order" (orderID, created, employeeID, paymentID) VALUES (20, '2021-06-13 16:57:29', null, 173);
INSERT INTO "Order" (orderID, created, employeeID, paymentID) VALUES (21, '2021-03-29 03:04:18', 25, 49);
INSERT INTO "Order" (orderID, created, employeeID, paymentID) VALUES (22, '2021-06-26 00:33:46', 19, 222);
INSERT INTO "Order" (orderID, created, employeeID, paymentID) VALUES (23, '2021-09-10 21:50:44', 36, 287);
INSERT INTO "Order" (orderID, created, employeeID, paymentID) VALUES (24, '2020-06-30 22:56:45', 50, 179);
INSERT INTO "Order" (orderID, created, employeeID, paymentID) VALUES (25, '2019-12-03 18:48:43', 37, 213);
INSERT INTO "Order" (orderID, created, employeeID, paymentID) VALUES (26, '2020-01-24 03:42:59', 12, 299);
INSERT INTO "Order" (orderID, created, employeeID, paymentID) VALUES (27, '2020-04-17 02:59:41', 20, 188);
INSERT INTO "Order" (orderID, created, employeeID, paymentID) VALUES (28, '2018-12-25 04:37:32', 44, 295);
INSERT INTO "Order" (orderID, created, employeeID, paymentID) VALUES (29, '2019-08-30 03:32:11', 12, 273);
INSERT INTO "Order" (orderID, created, employeeID, paymentID) VALUES (30, '2021-03-06 23:27:17', 49, 152);
INSERT INTO "Order" (orderID, created, employeeID, paymentID) VALUES (31, '2022-10-15 16:24:27', 29, 8);
INSERT INTO "Order" (orderID, created, employeeID, paymentID) VALUES (32, '2019-11-26 01:25:05', null, 227);
INSERT INTO "Order" (orderID, created, employeeID, paymentID) VALUES (33, '2020-05-19 13:38:53', 8, 41);
INSERT INTO "Order" (orderID, created, employeeID, paymentID) VALUES (34, '2019-06-24 19:48:11', 34, 110);
INSERT INTO "Order" (orderID, created, employeeID, paymentID) VALUES (35, '2019-04-21 11:21:33', 50, 40);
INSERT INTO "Order" (orderID, created, employeeID, paymentID) VALUES (36, '2021-03-27 14:22:07', 24, 132);
INSERT INTO "Order" (orderID, created, employeeID, paymentID) VALUES (37, '2022-09-29 03:20:35', 37, 61);
INSERT INTO "Order" (orderID, created, employeeID, paymentID) VALUES (38, '2022-01-10 17:21:11', null, 299);
INSERT INTO "Order" (orderID, created, employeeID, paymentID) VALUES (39, '2019-09-05 22:54:45', 1, 143);
INSERT INTO "Order" (orderID, created, employeeID, paymentID) VALUES (40, '2021-05-18 14:26:40', 41, 201);
INSERT INTO "Order" (orderID, created, employeeID, paymentID) VALUES (41, '2022-03-14 08:12:16', 36, 247);
INSERT INTO "Order" (orderID, created, employeeID, paymentID) VALUES (42, '2021-10-27 08:09:34', 22, 215);
INSERT INTO "Order" (orderID, created, employeeID, paymentID) VALUES (43, '2021-12-28 21:19:32', 22, 184);
INSERT INTO "Order" (orderID, created, employeeID, paymentID) VALUES (44, '2020-09-07 08:56:19', 34, 57);
INSERT INTO "Order" (orderID, created, employeeID, paymentID) VALUES (45, '2021-07-09 20:55:49', null, 226);
INSERT INTO "Order" (orderID, created, employeeID, paymentID) VALUES (46, '2020-03-25 22:50:18', 27, 102);
INSERT INTO "Order" (orderID, created, employeeID, paymentID) VALUES (47, '2020-02-23 02:54:26', 16, 159);
INSERT INTO "Order" (orderID, created, employeeID, paymentID) VALUES (48, '2021-08-01 03:55:16', 6, 132);
INSERT INTO "Order" (orderID, created, employeeID, paymentID) VALUES (49, '2019-12-18 06:48:21', 12, 246);
INSERT INTO "Order" (orderID, created, employeeID, paymentID) VALUES (50, '2022-03-27 18:08:11', 4, 102);
INSERT INTO "Order" (orderID, created, employeeID, paymentID) VALUES (51, '2022-11-02 04:00:31', 13, 37);
INSERT INTO "Order" (orderID, created, employeeID, paymentID) VALUES (52, '2020-08-23 08:10:45', 41, 55);
INSERT INTO "Order" (orderID, created, employeeID, paymentID) VALUES (53, '2021-05-15 07:45:59', 8, 209);
INSERT INTO "Order" (orderID, created, employeeID, paymentID) VALUES (54, '2022-08-01 03:33:51', 24, 219);
INSERT INTO "Order" (orderID, created, employeeID, paymentID) VALUES (55, '2019-02-16 00:09:11', 38, 215);
INSERT INTO "Order" (orderID, created, employeeID, paymentID) VALUES (56, '2020-11-07 06:27:28', 8, 11);
INSERT INTO "Order" (orderID, created, employeeID, paymentID) VALUES (57, '2020-07-19 00:06:36', 21, 107);
INSERT INTO "Order" (orderID, created, employeeID, paymentID) VALUES (58, '2022-04-16 20:31:24', 2, 59);
INSERT INTO "Order" (orderID, created, employeeID, paymentID) VALUES (59, '2020-07-15 23:11:55', 10, 94);
INSERT INTO "Order" (orderID, created, employeeID, paymentID) VALUES (60, '2022-04-30 12:38:27', 31, 192);
INSERT INTO "Order" (orderID, created, employeeID, paymentID) VALUES (61, '2022-02-13 16:37:49', null, 210);
INSERT INTO "Order" (orderID, created, employeeID, paymentID) VALUES (62, '2021-10-23 16:33:55', 34, 258);
INSERT INTO "Order" (orderID, created, employeeID, paymentID) VALUES (63, '2020-11-30 11:12:32', 41, 233);
INSERT INTO "Order" (orderID, created, employeeID, paymentID) VALUES (64, '2019-04-25 18:18:55', 41, 246);
INSERT INTO "Order" (orderID, created, employeeID, paymentID) VALUES (65, '2022-09-02 01:08:45', 10, 85);
INSERT INTO "Order" (orderID, created, employeeID, paymentID) VALUES (66, '2020-07-04 09:50:29', 37, 87);
INSERT INTO "Order" (orderID, created, employeeID, paymentID) VALUES (67, '2019-04-22 11:07:29', 48, 203);
INSERT INTO "Order" (orderID, created, employeeID, paymentID) VALUES (68, '2019-11-15 18:28:19', null, 88);
INSERT INTO "Order" (orderID, created, employeeID, paymentID) VALUES (69, '2020-07-16 07:47:16', 26, 252);
INSERT INTO "Order" (orderID, created, employeeID, paymentID) VALUES (70, '2022-02-12 18:49:49', 38, 204);
INSERT INTO "Order" (orderID, created, employeeID, paymentID) VALUES (71, '2021-04-12 17:14:01', 13, 140);
INSERT INTO "Order" (orderID, created, employeeID, paymentID) VALUES (72, '2019-12-12 22:47:12', 30, 181);
INSERT INTO "Order" (orderID, created, employeeID, paymentID) VALUES (73, '2021-07-05 00:03:09', 45, 98);
INSERT INTO "Order" (orderID, created, employeeID, paymentID) VALUES (74, '2020-06-23 03:29:58', 11, 88);
INSERT INTO "Order" (orderID, created, employeeID, paymentID) VALUES (75, '2020-05-18 08:46:38', 36, 121);
INSERT INTO "Order" (orderID, created, employeeID, paymentID) VALUES (76, '2020-03-30 10:06:05', 32, 148);
INSERT INTO "Order" (orderID, created, employeeID, paymentID) VALUES (77, '2019-12-08 23:09:32', 35, 259);
INSERT INTO "Order" (orderID, created, employeeID, paymentID) VALUES (78, '2019-05-22 03:19:18', 23, 98);
INSERT INTO "Order" (orderID, created, employeeID, paymentID) VALUES (79, '2022-02-15 06:35:20', 45, 266);
INSERT INTO "Order" (orderID, created, employeeID, paymentID) VALUES (80, '2018-12-24 06:54:03', null, 23);
INSERT INTO "Order" (orderID, created, employeeID, paymentID) VALUES (81, '2020-12-15 18:56:18', 30, 23);
INSERT INTO "Order" (orderID, created, employeeID, paymentID) VALUES (82, '2020-07-04 22:04:55', 43, 177);
INSERT INTO "Order" (orderID, created, employeeID, paymentID) VALUES (83, '2019-03-02 07:48:11', 45, 269);
INSERT INTO "Order" (orderID, created, employeeID, paymentID) VALUES (84, '2022-09-22 01:29:26', 39, 219);
INSERT INTO "Order" (orderID, created, employeeID, paymentID) VALUES (85, '2021-11-09 06:52:15', null, 265);
INSERT INTO "Order" (orderID, created, employeeID, paymentID) VALUES (86, '2019-05-27 18:15:45', 28, 130);
INSERT INTO "Order" (orderID, created, employeeID, paymentID) VALUES (87, '2020-10-03 01:58:36', 35, 21);
INSERT INTO "Order" (orderID, created, employeeID, paymentID) VALUES (88, '2022-11-17 21:51:14', 7, 151);
INSERT INTO "Order" (orderID, created, employeeID, paymentID) VALUES (89, '2022-04-21 03:20:41', null, 239);
INSERT INTO "Order" (orderID, created, employeeID, paymentID) VALUES (90, '2019-08-09 03:38:28', 9, 194);
INSERT INTO "Order" (orderID, created, employeeID, paymentID) VALUES (91, '2021-07-25 20:23:57', 29, 208);
INSERT INTO "Order" (orderID, created, employeeID, paymentID) VALUES (92, '2020-08-18 01:47:15', 49, 144);
INSERT INTO "Order" (orderID, created, employeeID, paymentID) VALUES (93, '2022-10-13 03:44:24', 17, 216);
INSERT INTO "Order" (orderID, created, employeeID, paymentID) VALUES (94, '2021-02-23 08:28:21', 12, 9);
INSERT INTO "Order" (orderID, created, employeeID, paymentID) VALUES (95, '2021-05-29 15:41:04', 27, 75);
INSERT INTO "Order" (orderID, created, employeeID, paymentID) VALUES (96, '2021-03-19 23:42:00', 43, 41);
INSERT INTO "Order" (orderID, created, employeeID, paymentID) VALUES (97, '2021-07-11 06:37:42', 50, 39);
INSERT INTO "Order" (orderID, created, employeeID, paymentID) VALUES (98, '2022-07-25 15:19:15', null, 68);
INSERT INTO "Order" (orderID, created, employeeID, paymentID) VALUES (99, '2022-03-28 05:41:32', 23, 186);
INSERT INTO "Order" (orderID, created, employeeID, paymentID) VALUES (100, '2022-05-01 13:53:55', 17, 249);
SET IDENTITY_INSERT "Order" OFF;

INSERT INTO OrderProducts (count, productID, orderID) VALUES (2, 125, 1);
INSERT INTO OrderProducts (count, productID, orderID) VALUES (4, 140, 2);
INSERT INTO OrderProducts (count, productID, orderID) VALUES (1, 76, 3);
INSERT INTO OrderProducts (count, productID, orderID) VALUES (3, 105, 4);
INSERT INTO OrderProducts (count, productID, orderID) VALUES (2, 148, 5);
INSERT INTO OrderProducts (count, productID, orderID) VALUES (4, 50, 6);
INSERT INTO OrderProducts (count, productID, orderID) VALUES (4, 35, 7);
INSERT INTO OrderProducts (count, productID, orderID) VALUES (5, 116, 8);
INSERT INTO OrderProducts (count, productID, orderID) VALUES (3, 48, 9);
INSERT INTO OrderProducts (count, productID, orderID) VALUES (2, 74, 10);
INSERT INTO OrderProducts (count, productID, orderID) VALUES (5, 74, 11);
INSERT INTO OrderProducts (count, productID, orderID) VALUES (5, 69, 12);
INSERT INTO OrderProducts (count, productID, orderID) VALUES (5, 127, 13);
INSERT INTO OrderProducts (count, productID, orderID) VALUES (3, 140, 14);
INSERT INTO OrderProducts (count, productID, orderID) VALUES (5, 13, 15);
INSERT INTO OrderProducts (count, productID, orderID) VALUES (2, 137, 16);
INSERT INTO OrderProducts (count, productID, orderID) VALUES (3, 117, 17);
INSERT INTO OrderProducts (count, productID, orderID) VALUES (2, 65, 18);
INSERT INTO OrderProducts (count, productID, orderID) VALUES (2, 33, 19);
INSERT INTO OrderProducts (count, productID, orderID) VALUES (2, 121, 20);
INSERT INTO OrderProducts (count, productID, orderID) VALUES (4, 67, 21);
INSERT INTO OrderProducts (count, productID, orderID) VALUES (2, 42, 22);
INSERT INTO OrderProducts (count, productID, orderID) VALUES (5, 65, 23);
INSERT INTO OrderProducts (count, productID, orderID) VALUES (3, 132, 24);
INSERT INTO OrderProducts (count, productID, orderID) VALUES (1, 130, 25);
INSERT INTO OrderProducts (count, productID, orderID) VALUES (4, 37, 26);
INSERT INTO OrderProducts (count, productID, orderID) VALUES (4, 119, 27);
INSERT INTO OrderProducts (count, productID, orderID) VALUES (4, 105, 28);
INSERT INTO OrderProducts (count, productID, orderID) VALUES (5, 108, 29);
INSERT INTO OrderProducts (count, productID, orderID) VALUES (3, 53, 30);
INSERT INTO OrderProducts (count, productID, orderID) VALUES (3, 45, 31);
INSERT INTO OrderProducts (count, productID, orderID) VALUES (4, 21, 32);
INSERT INTO OrderProducts (count, productID, orderID) VALUES (4, 142, 33);
INSERT INTO OrderProducts (count, productID, orderID) VALUES (1, 108, 34);
INSERT INTO OrderProducts (count, productID, orderID) VALUES (3, 29, 35);
INSERT INTO OrderProducts (count, productID, orderID) VALUES (5, 26, 36);
INSERT INTO OrderProducts (count, productID, orderID) VALUES (3, 119, 37);
INSERT INTO OrderProducts (count, productID, orderID) VALUES (3, 128, 38);
INSERT INTO OrderProducts (count, productID, orderID) VALUES (4, 144, 39);
INSERT INTO OrderProducts (count, productID, orderID) VALUES (3, 135, 40);
INSERT INTO OrderProducts (count, productID, orderID) VALUES (5, 149, 41);
INSERT INTO OrderProducts (count, productID, orderID) VALUES (3, 141, 42);
INSERT INTO OrderProducts (count, productID, orderID) VALUES (1, 128, 43);
INSERT INTO OrderProducts (count, productID, orderID) VALUES (1, 90, 44);
INSERT INTO OrderProducts (count, productID, orderID) VALUES (1, 43, 45);
INSERT INTO OrderProducts (count, productID, orderID) VALUES (2, 110, 46);
INSERT INTO OrderProducts (count, productID, orderID) VALUES (4, 135, 47);
INSERT INTO OrderProducts (count, productID, orderID) VALUES (3, 149, 48);
INSERT INTO OrderProducts (count, productID, orderID) VALUES (4, 47, 49);
INSERT INTO OrderProducts (count, productID, orderID) VALUES (3, 97, 50);
INSERT INTO OrderProducts (count, productID, orderID) VALUES (1, 110, 51);
INSERT INTO OrderProducts (count, productID, orderID) VALUES (2, 108, 52);
INSERT INTO OrderProducts (count, productID, orderID) VALUES (4, 57, 53);
INSERT INTO OrderProducts (count, productID, orderID) VALUES (1, 103, 54);
INSERT INTO OrderProducts (count, productID, orderID) VALUES (1, 41, 55);
INSERT INTO OrderProducts (count, productID, orderID) VALUES (4, 108, 56);
INSERT INTO OrderProducts (count, productID, orderID) VALUES (2, 7, 57);
INSERT INTO OrderProducts (count, productID, orderID) VALUES (1, 86, 58);
INSERT INTO OrderProducts (count, productID, orderID) VALUES (4, 132, 59);
INSERT INTO OrderProducts (count, productID, orderID) VALUES (1, 99, 60);
INSERT INTO OrderProducts (count, productID, orderID) VALUES (1, 46, 61);
INSERT INTO OrderProducts (count, productID, orderID) VALUES (5, 19, 62);
INSERT INTO OrderProducts (count, productID, orderID) VALUES (4, 138, 63);
INSERT INTO OrderProducts (count, productID, orderID) VALUES (3, 7, 64);
INSERT INTO OrderProducts (count, productID, orderID) VALUES (2, 128, 65);
INSERT INTO OrderProducts (count, productID, orderID) VALUES (5, 17, 66);
INSERT INTO OrderProducts (count, productID, orderID) VALUES (3, 30, 67);
INSERT INTO OrderProducts (count, productID, orderID) VALUES (4, 66, 68);
INSERT INTO OrderProducts (count, productID, orderID) VALUES (2, 23, 69);
INSERT INTO OrderProducts (count, productID, orderID) VALUES (3, 94, 70);
INSERT INTO OrderProducts (count, productID, orderID) VALUES (5, 36, 71);
INSERT INTO OrderProducts (count, productID, orderID) VALUES (4, 95, 72);
INSERT INTO OrderProducts (count, productID, orderID) VALUES (4, 2, 73);
INSERT INTO OrderProducts (count, productID, orderID) VALUES (3, 39, 74);
INSERT INTO OrderProducts (count, productID, orderID) VALUES (1, 79, 75);
INSERT INTO OrderProducts (count, productID, orderID) VALUES (4, 70, 76);
INSERT INTO OrderProducts (count, productID, orderID) VALUES (4, 13, 77);
INSERT INTO OrderProducts (count, productID, orderID) VALUES (2, 81, 78);
INSERT INTO OrderProducts (count, productID, orderID) VALUES (2, 53, 79);
INSERT INTO OrderProducts (count, productID, orderID) VALUES (5, 134, 80);
INSERT INTO OrderProducts (count, productID, orderID) VALUES (5, 56, 81);
INSERT INTO OrderProducts (count, productID, orderID) VALUES (4, 69, 82);
INSERT INTO OrderProducts (count, productID, orderID) VALUES (5, 131, 83);
INSERT INTO OrderProducts (count, productID, orderID) VALUES (3, 105, 84);
INSERT INTO OrderProducts (count, productID, orderID) VALUES (1, 24, 85);
INSERT INTO OrderProducts (count, productID, orderID) VALUES (5, 4, 86);
INSERT INTO OrderProducts (count, productID, orderID) VALUES (2, 11, 87);
INSERT INTO OrderProducts (count, productID, orderID) VALUES (5, 143, 88);
INSERT INTO OrderProducts (count, productID, orderID) VALUES (3, 12, 89);
INSERT INTO OrderProducts (count, productID, orderID) VALUES (5, 107, 90);
INSERT INTO OrderProducts (count, productID, orderID) VALUES (3, 109, 91);
INSERT INTO OrderProducts (count, productID, orderID) VALUES (4, 139, 92);
INSERT INTO OrderProducts (count, productID, orderID) VALUES (2, 131, 93);
INSERT INTO OrderProducts (count, productID, orderID) VALUES (5, 134, 94);
INSERT INTO OrderProducts (count, productID, orderID) VALUES (5, 26, 95);
INSERT INTO OrderProducts (count, productID, orderID) VALUES (5, 83, 96);
INSERT INTO OrderProducts (count, productID, orderID) VALUES (2, 49, 97);
INSERT INTO OrderProducts (count, productID, orderID) VALUES (5, 12, 98);
INSERT INTO OrderProducts (count, productID, orderID) VALUES (3, 19, 99);
INSERT INTO OrderProducts (count, productID, orderID) VALUES (2, 99, 100);
INSERT INTO OrderProducts (count, productID, orderID) VALUES (3, 35, 97);
INSERT INTO OrderProducts (count, productID, orderID) VALUES (1, 92, 44);
INSERT INTO OrderProducts (count, productID, orderID) VALUES (1, 95, 54);
INSERT INTO OrderProducts (count, productID, orderID) VALUES (1, 20, 24);
INSERT INTO OrderProducts (count, productID, orderID) VALUES (1, 1, 82);
INSERT INTO OrderProducts (count, productID, orderID) VALUES (3, 86, 60);
INSERT INTO OrderProducts (count, productID, orderID) VALUES (2, 118, 34);
INSERT INTO OrderProducts (count, productID, orderID) VALUES (1, 121, 5);
INSERT INTO OrderProducts (count, productID, orderID) VALUES (3, 106, 48);
INSERT INTO OrderProducts (count, productID, orderID) VALUES (3, 100, 52);
INSERT INTO OrderProducts (count, productID, orderID) VALUES (2, 62, 34);
INSERT INTO OrderProducts (count, productID, orderID) VALUES (2, 98, 97);
INSERT INTO OrderProducts (count, productID, orderID) VALUES (1, 149, 89);
INSERT INTO OrderProducts (count, productID, orderID) VALUES (1, 138, 75);
INSERT INTO OrderProducts (count, productID, orderID) VALUES (1, 15, 20);
INSERT INTO OrderProducts (count, productID, orderID) VALUES (3, 8, 85);
INSERT INTO OrderProducts (count, productID, orderID) VALUES (3, 38, 41);
INSERT INTO OrderProducts (count, productID, orderID) VALUES (1, 150, 100);
INSERT INTO OrderProducts (count, productID, orderID) VALUES (2, 84, 42);
INSERT INTO OrderProducts (count, productID, orderID) VALUES (2, 131, 37);
INSERT INTO OrderProducts (count, productID, orderID) VALUES (3, 43, 25);
INSERT INTO OrderProducts (count, productID, orderID) VALUES (3, 5, 1);
INSERT INTO OrderProducts (count, productID, orderID) VALUES (3, 50, 14);
INSERT INTO OrderProducts (count, productID, orderID) VALUES (3, 148, 46);
INSERT INTO OrderProducts (count, productID, orderID) VALUES (3, 78, 68);
INSERT INTO OrderProducts (count, productID, orderID) VALUES (1, 49, 70);
INSERT INTO OrderProducts (count, productID, orderID) VALUES (3, 143, 47);
INSERT INTO OrderProducts (count, productID, orderID) VALUES (1, 19, 5);
INSERT INTO OrderProducts (count, productID, orderID) VALUES (1, 109, 59);
INSERT INTO OrderProducts (count, productID, orderID) VALUES (2, 65, 40);
INSERT INTO OrderProducts (count, productID, orderID) VALUES (2, 28, 74);
INSERT INTO OrderProducts (count, productID, orderID) VALUES (2, 125, 92);
INSERT INTO OrderProducts (count, productID, orderID) VALUES (1, 121, 17);
INSERT INTO OrderProducts (count, productID, orderID) VALUES (2, 2, 78);
INSERT INTO OrderProducts (count, productID, orderID) VALUES (3, 20, 90);
INSERT INTO OrderProducts (count, productID, orderID) VALUES (3, 14, 2);
INSERT INTO OrderProducts (count, productID, orderID) VALUES (1, 8, 17);
INSERT INTO OrderProducts (count, productID, orderID) VALUES (3, 71, 83);
INSERT INTO OrderProducts (count, productID, orderID) VALUES (1, 15, 94);
INSERT INTO OrderProducts (count, productID, orderID) VALUES (3, 93, 2);
INSERT INTO OrderProducts (count, productID, orderID) VALUES (1, 113, 91);
INSERT INTO OrderProducts (count, productID, orderID) VALUES (1, 136, 43);
INSERT INTO OrderProducts (count, productID, orderID) VALUES (1, 94, 68);
INSERT INTO OrderProducts (count, productID, orderID) VALUES (2, 127, 81);
INSERT INTO OrderProducts (count, productID, orderID) VALUES (2, 33, 61);
INSERT INTO OrderProducts (count, productID, orderID) VALUES (3, 14, 50);
INSERT INTO OrderProducts (count, productID, orderID) VALUES (1, 39, 21);
INSERT INTO OrderProducts (count, productID, orderID) VALUES (1, 108, 73);
INSERT INTO OrderProducts (count, productID, orderID) VALUES (2, 60, 91);
INSERT INTO OrderProducts (count, productID, orderID) VALUES (3, 60, 87);

INSERT INTO TableOrders (tableID, orderID) VALUES (15, 1);
INSERT INTO TableOrders (tableID, orderID) VALUES (12, 2);
INSERT INTO TableOrders (tableID, orderID) VALUES (11, 3);
INSERT INTO TableOrders (tableID, orderID) VALUES (1, 4);
INSERT INTO TableOrders (tableID, orderID) VALUES (9, 5);
INSERT INTO TableOrders (tableID, orderID) VALUES (3, 6);
INSERT INTO TableOrders (tableID, orderID) VALUES (1, 7);
INSERT INTO TableOrders (tableID, orderID) VALUES (10, 8);
INSERT INTO TableOrders (tableID, orderID) VALUES (4, 9);
INSERT INTO TableOrders (tableID, orderID) VALUES (4, 10);
INSERT INTO TableOrders (tableID, orderID) VALUES (9, 11);
INSERT INTO TableOrders (tableID, orderID) VALUES (5, 12);
INSERT INTO TableOrders (tableID, orderID) VALUES (9, 13);
INSERT INTO TableOrders (tableID, orderID) VALUES (1, 14);
INSERT INTO TableOrders (tableID, orderID) VALUES (2, 15);
INSERT INTO TableOrders (tableID, orderID) VALUES (2, 16);
INSERT INTO TableOrders (tableID, orderID) VALUES (1, 17);
INSERT INTO TableOrders (tableID, orderID) VALUES (9, 18);
INSERT INTO TableOrders (tableID, orderID) VALUES (15, 19);
INSERT INTO TableOrders (tableID, orderID) VALUES (2, 20);
INSERT INTO TableOrders (tableID, orderID) VALUES (6, 21);
INSERT INTO TableOrders (tableID, orderID) VALUES (8, 22);
INSERT INTO TableOrders (tableID, orderID) VALUES (9, 23);
INSERT INTO TableOrders (tableID, orderID) VALUES (4, 24);
INSERT INTO TableOrders (tableID, orderID) VALUES (13, 25);
INSERT INTO TableOrders (tableID, orderID) VALUES (14, 26);
INSERT INTO TableOrders (tableID, orderID) VALUES (12, 27);
INSERT INTO TableOrders (tableID, orderID) VALUES (8, 28);
INSERT INTO TableOrders (tableID, orderID) VALUES (7, 29);
INSERT INTO TableOrders (tableID, orderID) VALUES (14, 30);
INSERT INTO TableOrders (tableID, orderID) VALUES (13, 31);
INSERT INTO TableOrders (tableID, orderID) VALUES (7, 32);
INSERT INTO TableOrders (tableID, orderID) VALUES (12, 33);
INSERT INTO TableOrders (tableID, orderID) VALUES (1, 34);
INSERT INTO TableOrders (tableID, orderID) VALUES (7, 35);
INSERT INTO TableOrders (tableID, orderID) VALUES (6, 36);
INSERT INTO TableOrders (tableID, orderID) VALUES (2, 37);
INSERT INTO TableOrders (tableID, orderID) VALUES (3, 38);
INSERT INTO TableOrders (tableID, orderID) VALUES (1, 39);
INSERT INTO TableOrders (tableID, orderID) VALUES (9, 40);
INSERT INTO TableOrders (tableID, orderID) VALUES (3, 41);
INSERT INTO TableOrders (tableID, orderID) VALUES (13, 42);
INSERT INTO TableOrders (tableID, orderID) VALUES (5, 43);
INSERT INTO TableOrders (tableID, orderID) VALUES (14, 44);
INSERT INTO TableOrders (tableID, orderID) VALUES (2, 45);
INSERT INTO TableOrders (tableID, orderID) VALUES (1, 46);
INSERT INTO TableOrders (tableID, orderID) VALUES (12, 47);
INSERT INTO TableOrders (tableID, orderID) VALUES (4, 48);
INSERT INTO TableOrders (tableID, orderID) VALUES (4, 49);
INSERT INTO TableOrders (tableID, orderID) VALUES (14, 50);
INSERT INTO TableOrders (tableID, orderID) VALUES (11, 51);
INSERT INTO TableOrders (tableID, orderID) VALUES (5, 52);
INSERT INTO TableOrders (tableID, orderID) VALUES (5, 53);
INSERT INTO TableOrders (tableID, orderID) VALUES (11, 54);
INSERT INTO TableOrders (tableID, orderID) VALUES (9, 55);
INSERT INTO TableOrders (tableID, orderID) VALUES (8, 56);
INSERT INTO TableOrders (tableID, orderID) VALUES (11, 57);
INSERT INTO TableOrders (tableID, orderID) VALUES (2, 58);
INSERT INTO TableOrders (tableID, orderID) VALUES (1, 59);
INSERT INTO TableOrders (tableID, orderID) VALUES (10, 60);
INSERT INTO TableOrders (tableID, orderID) VALUES (4, 61);
INSERT INTO TableOrders (tableID, orderID) VALUES (14, 62);
INSERT INTO TableOrders (tableID, orderID) VALUES (2, 63);
INSERT INTO TableOrders (tableID, orderID) VALUES (10, 64);
INSERT INTO TableOrders (tableID, orderID) VALUES (3, 65);
INSERT INTO TableOrders (tableID, orderID) VALUES (6, 66);
INSERT INTO TableOrders (tableID, orderID) VALUES (10, 67);
INSERT INTO TableOrders (tableID, orderID) VALUES (5, 68);
INSERT INTO TableOrders (tableID, orderID) VALUES (13, 69);
INSERT INTO TableOrders (tableID, orderID) VALUES (9, 70);
INSERT INTO TableOrders (tableID, orderID) VALUES (8, 71);
INSERT INTO TableOrders (tableID, orderID) VALUES (4, 72);
INSERT INTO TableOrders (tableID, orderID) VALUES (4, 73);
INSERT INTO TableOrders (tableID, orderID) VALUES (3, 74);
INSERT INTO TableOrders (tableID, orderID) VALUES (11, 75);
INSERT INTO TableOrders (tableID, orderID) VALUES (11, 76);
INSERT INTO TableOrders (tableID, orderID) VALUES (1, 77);
INSERT INTO TableOrders (tableID, orderID) VALUES (14, 78);
INSERT INTO TableOrders (tableID, orderID) VALUES (11, 79);
INSERT INTO TableOrders (tableID, orderID) VALUES (5, 80);
INSERT INTO TableOrders (tableID, orderID) VALUES (13, 81);
INSERT INTO TableOrders (tableID, orderID) VALUES (12, 82);
INSERT INTO TableOrders (tableID, orderID) VALUES (7, 83);
INSERT INTO TableOrders (tableID, orderID) VALUES (13, 84);
INSERT INTO TableOrders (tableID, orderID) VALUES (1, 85);
INSERT INTO TableOrders (tableID, orderID) VALUES (12, 86);
INSERT INTO TableOrders (tableID, orderID) VALUES (12, 87);
INSERT INTO TableOrders (tableID, orderID) VALUES (1, 88);
INSERT INTO TableOrders (tableID, orderID) VALUES (7, 89);
INSERT INTO TableOrders (tableID, orderID) VALUES (12, 90);
INSERT INTO TableOrders (tableID, orderID) VALUES (11, 91);
INSERT INTO TableOrders (tableID, orderID) VALUES (4, 92);
INSERT INTO TableOrders (tableID, orderID) VALUES (7, 93);
INSERT INTO TableOrders (tableID, orderID) VALUES (1, 94);
INSERT INTO TableOrders (tableID, orderID) VALUES (4, 95);
INSERT INTO TableOrders (tableID, orderID) VALUES (1, 96);
INSERT INTO TableOrders (tableID, orderID) VALUES (3, 97);
INSERT INTO TableOrders (tableID, orderID) VALUES (5, 98);
INSERT INTO TableOrders (tableID, orderID) VALUES (8, 99);
INSERT INTO TableOrders (tableID, orderID) VALUES (2, 100);
